name,shape_v,shape_u,coverage,median_step,max_step,ratio,flagged,severe,edges,verdict
20260130000001-w030_202601301912,1155,1618,0.8908,20.0,9227.4,461.44,6446,6355,3326718,REVIEW
20250611170257-z_dbg_gen_00308_inp_hr,582,342,0.6944,20.41,7012.0,343.48,536,317,275103,REVIEW
20251105093211-z_dbg_gen_00320,212,200,0.5556,20.8,6633.5,318.85,115,99,46189,REVIEW
20250716055230-z_dbg_gen_00377_inp_hr,546,342,0.6851,20.43,5994.4,293.48,220,148,254561,REVIEW
20250716055236-z_dbg_gen_00356_inp_hr,576,336,0.5431,20.37,5785.6,284.05,199,146,209048,REVIEW
20250611173014-z_dbg_gen_00506_inp_hr,588,276,0.6459,20.6,5677.4,275.61,272,192,208306,REVIEW
20250716055235-z_dbg_gen_00779_inp_hr,588,366,0.6226,20.42,4952.6,242.54,168,159,266528,REVIEW
20250611171318-z_dbg_gen_00440_inp_hr,468,360,0.6292,20.62,4500.7,218.29,131,121,210888,REVIEW
20250611153347-z_dbg_gen_00105_inp_hr,444,222,0.5655,20.76,4396.6,211.78,73,52,110667,REVIEW
20250716055233-z_dbg_gen_00565_inp_hr,450,378,0.6276,20.6,4151.0,201.51,146,123,212429,REVIEW
20260602230115-20230702185753_v14,4516,1328,0.752,20.13,3940.2,195.73,24842,13346,9012728,REVIEW
20260602230115-20230702185753_v14,4522,1280,0.7777,20.13,3930.7,195.29,24553,13165,8994993,REVIEW
20260701183150-w126-127,4704,7744,0.7182,19.9,3832.5,192.63,31944,11068,52304180,REVIEW
20260701183150-w126-127,1176,1936,0.7203,19.92,3832.5,192.38,2030,689,3275048,REVIEW
20260701183144-w113-115,3744,9688,0.8909,20.13,3869.4,192.25,8744,5902,64614700,REVIEW
20260701183144-w113-115,936,2422,0.893,20.14,3869.9,192.11,458,311,4044160,REVIEW
20260701183151-w128-129,1118,1779,0.7655,20.51,3776.6,184.1,2260,809,3040532,REVIEW
20260701183151-w128-129,4472,7116,0.7632,20.48,3748.8,183.03,33856,11821,48556052,REVIEW
20260701183149-w124-125,1049,1792,0.7824,20.2,3629.9,179.68,1732,586,2937220,REVIEW
20260701183149-w124-125,4196,7168,0.7801,20.18,3612.2,178.99,27350,10315,46910984,REVIEW
20250716055231-z_dbg_gen_00473_inp_hr,576,348,0.5875,20.42,3608.9,176.71,141,83,234337,REVIEW
20260701183147-w120-121,950,1728,0.8638,20.0,3472.8,173.67,581,435,2832128,REVIEW
20260701183148-w122-123,3952,6868,0.8335,20.16,3453.7,171.31,21538,11457,45231484,REVIEW
20260701183148-w122-123,988,1717,0.8358,20.18,3455.7,171.24,1164,603,2831830,REVIEW
20250716055234-z_dbg_gen_00709_inp_hr,396,240,0.7504,20.41,3471.2,170.05,108,100,141733,REVIEW
20250611134135-z_dbg_gen_00331_inp_hr,576,348,0.5397,20.4,3402.8,166.84,147,89,215208,REVIEW
20260701183143-w110-112,940,2379,0.8913,20.11,3335.1,165.85,505,352,3982017,REVIEW
20260701183143-w110-112,3760,9516,0.8893,20.09,3329.4,165.69,9608,5827,63621692,REVIEW
20250919133208-auto_grown_20250919063208154_inp_hr,342,264,0.7212,20.35,3358.2,165.03,4,4,129666,REVIEW
20260701183145-w116-117,937,1683,0.8778,19.96,3257.2,163.16,406,323,2764860,REVIEW
20260701183145-w116-117,3748,6732,0.8755,19.95,3242.9,162.59,8433,6105,44167840,REVIEW
20260701183147-w120-121,3800,6912,0.8615,19.98,3232.1,161.78,11910,8789,45240096,REVIEW
20260701183133-w077-080,981,2307,0.8691,20.0,3230.3,161.53,109,88,3929057,REVIEW
20260701183142-w107-109,3796,9324,0.8833,20.15,3247.9,161.17,6868,3510,62507220,REVIEW
20260701183142-w107-109,949,2331,0.8853,20.17,3249.0,161.11,368,248,3912244,REVIEW
20260701183141-w104-106,954,2281,0.8799,20.19,3246.3,160.75,423,272,3824804,REVIEW
20260701183141-w104-106,3816,9124,0.8778,20.18,3243.2,160.72,7634,4122,61108340,REVIEW
20260701183146-w118-119,940,1710,0.8706,20.01,3166.2,158.22,355,273,2795267,REVIEW
20260701183146-w118-119,3760,6840,0.8684,19.99,3149.1,157.51,7100,5049,44652760,REVIEW
20260623171929-w128-129,886,1949,0.654,20.13,3099.8,154.01,832,109,2255124,REVIEW
20260623171929-w128-129,882,1947,0.6575,20.13,3099.8,154.01,831,108,2254854,REVIEW
20260623171929-w128-129,3528,7788,0.6555,20.11,3086.1,153.49,12197,2977,36008380,REVIEW
20250611161415-z_dbg_gen_00411_inp_hr,510,318,0.6735,20.36,3056.8,150.14,115,100,217438,REVIEW
20250611161023-z_dbg_gen_00205_inp_hr,552,168,0.5168,20.63,2938.9,142.48,89,45,95042,REVIEW
20250611172135-z_dbg_gen_00346_inp_hr,522,342,0.649,20.46,2893.0,141.37,102,77,230645,REVIEW
20250919132115-auto_grown_20250919062115592_inp_hr,366,324,0.8001,20.44,2708.8,132.49,4,4,189090,REVIEW
20260221022814-auto_grown_20260220174252405,225,256,0.6526,20.29,2448.2,120.67,67,42,74699,REVIEW
20260623171400-w126-127,793,1917,0.6709,20.08,2387.9,118.9,1200,72,2036364,REVIEW
20260623171400-w126-127,789,1911,0.6762,20.08,2387.9,118.9,1200,72,2035834,REVIEW
20260623171400-w126-127,3156,7644,0.6741,20.07,2376.7,118.43,17077,2047,32509640,REVIEW
20250611132918-z_dbg_gen_00302_inp_hr,540,348,0.5888,20.45,2405.7,117.65,135,78,220152,REVIEW
20260623170305-w122-123,2424,6844,0.8794,19.93,2269.8,113.9,540,510,29167650,REVIEW
20260623170305-w122-123,5149,14537,0.8789,19.93,2270.3,113.89,2252,2135,131548590,REVIEW
20260623170305-w122-123,606,1711,0.8821,19.94,2269.9,113.82,20,20,1826416,REVIEW
20260623170305-w122-123,610,1713,0.8755,19.94,2269.9,113.82,20,20,1826780,REVIEW
20250611154256-z_dbg_gen_00354_inp_hr,552,372,0.605,20.42,2219.6,108.71,213,148,247280,REVIEW
20260623170833-w124-125,635,1742,0.8391,19.99,2140.5,107.09,127,32,1853304,REVIEW
20260623170833-w124-125,633,1740,0.8424,19.99,2140.5,107.09,127,32,1852894,REVIEW
20260623170833-w124-125,2532,6960,0.8399,19.97,2108.2,105.55,2234,924,29590020,REVIEW
20250716055227-z_dbg_gen_00260_inp_hr,276,198,0.5086,20.38,2076.8,101.92,60,50,55042,REVIEW
20250611133823-z_dbg_gen_00130_inp_hr,564,198,0.5398,20.5,1948.9,95.07,142,73,119719,REVIEW
20260623171929-w128-129,1082,2392,0.6273,20.1,1893.2,94.2,815,96,3240748,REVIEW
20251115002744-auto_grown_20251115002740308_4_flatboi,800,2927,0.7669,19.98,1847.8,92.49,121,99,3586162,REVIEW
20251115002744-auto_grown_20251115002740308_4_flatboi,802,2929,0.7649,19.98,1847.8,92.49,122,99,3588139,REVIEW
20250926153406-w088_20250926153406704_flatboi,812,747,0.4849,19.94,1745.5,87.54,562,346,580075,SPARSE
20260623171400-w126-127,968,2348,0.6489,20.07,1744.2,86.92,1290,67,2944307,REVIEW
20250716055229-z_dbg_gen_00371_inp_hr,546,210,0.6286,20.39,1694.4,83.09,96,70,143139,REVIEW
20250611171745-z_dbg_gen_00225_inp_hr,546,210,0.6424,20.37,1668.1,81.89,121,86,146332,REVIEW
20250609204953-z_dbg_gen_00612,486,342,0.443,20.58,1582.5,76.89,205,134,143808,SPARSE
20260701183140-w101-103,979,2255,0.8547,20.09,1438.3,71.57,440,339,3769375,REVIEW
20260701183138-w095-097,968,2164,0.8667,20.07,1426.2,71.08,377,301,3626897,REVIEW
20260701183140-w101-103,3916,9020,0.8527,20.08,1419.5,70.7,8489,5265,60222384,REVIEW
20250611153340-z_dbg_gen_00275,420,192,0.5283,20.7,1429.2,69.04,134,68,83436,REVIEW
20250611153346-z_dbg_gen_00286_inp_hr,450,300,0.7406,20.55,1356.8,66.03,91,63,199008,REVIEW
20250716055232-z_dbg_gen_00505_inp_hr,528,372,0.5426,20.54,1342.8,65.38,129,104,212039,REVIEW
20250716055228-z_dbg_gen_00333_inp_hr,306,216,0.7008,20.27,1296.2,63.94,255,128,91941,REVIEW
20260701183143-w110-112,766,1645,0.9785,27.0,1704.7,63.14,1511,241,2462943,REVIEW
20260701183138-w095-097,3872,8656,0.8647,20.05,1249.6,62.33,7446,4847,57946884,REVIEW
20260701183142-w107-109,766,1602,0.9786,27.15,1684.6,62.05,1413,226,2398759,REVIEW
20260701183145-w116-117,766,1151,0.978,26.77,1589.1,59.37,1220,237,1722002,REVIEW
20260302000000-w039_2026030210,599,421,0.3868,20.92,1194.4,57.09,39,39,194434,SPARSE
20260701183148-w122-123,766,1210,0.9785,26.38,1493.6,56.61,2446,674,1811291,REVIEW
20260701183151-w128-129,766,1269,0.9799,25.37,1407.8,55.49,11987,4886,1902301,REVIEW
20250609204953-z_dbg_gen_00612,490,336,0.4581,19.97,1074.5,53.79,574,155,146864,SPARSE
20250609204953-z_dbg_gen_00612,954,655,0.4337,19.97,1069.2,53.55,2282,667,534328,SPARSE
20260701183147-w120-121,766,1191,0.9781,26.57,1389.3,52.29,1680,438,1782065,REVIEW
20260701183144-w113-115,766,1689,0.9781,26.84,1395.1,51.98,1686,290,2527738,REVIEW
20260701183137-w092-094,766,1380,0.9779,27.51,1427.7,51.9,1259,161,2064917,REVIEW
20260701183146-w118-119,766,1171,0.9779,26.69,1379.4,51.68,1267,304,1751837,REVIEW
20260701183140-w101-103,766,1512,0.9782,27.31,1386.5,50.77,1118,241,2263211,REVIEW
20260701183149-w124-125,766,1229,0.979,26.09,1288.9,49.39,4378,1829,1840636,REVIEW
20260623170833-w124-125,777,2138,0.8134,19.97,969.9,48.57,103,21,2698870,REVIEW
20260623170305-w122-123,743,2102,0.8521,19.93,967.4,48.54,32,21,2658256,REVIEW
20260701183135-w085-088,766,1713,0.9778,27.48,1323.3,48.15,1357,164,2563131,REVIEW
20260701183136-w089-091,961,2038,0.8759,20.0,921.6,46.08,271,198,3426644,REVIEW
20260701183136-w089-091,3844,8152,0.8737,19.98,918.0,45.94,4904,2541,54744192,REVIEW
20250716055235-z_dbg_gen_00779_inp_hr,609,633,0.38,19.97,902.2,45.18,3306,1023,290916,SPARSE
20250716055235-z_dbg_gen_00779_inp_hr,1185,1234,0.3744,19.97,901.5,45.14,11948,3718,1090758,SPARSE
20260701183150-w126-127,766,1249,0.9794,25.75,1131.8,43.95,9634,4751,1871319,REVIEW
20250611173014-z_dbg_gen_00506_inp_hr,618,485,0.3926,19.93,859.9,43.15,3440,1715,233249,SPARSE
20260701183134-w081-084,984,2438,0.8701,19.99,860.1,43.02,252,213,4169515,REVIEW
20250611173014-z_dbg_gen_00506_inp_hr,1203,945,0.3854,19.92,841.1,42.22,12633,6329,872159,SPARSE
20260701183134-w081-084,3936,9752,0.868,19.98,822.4,41.17,4605,2840,66612972,REVIEW
20260701183144-w113-115,198,511,0.8912,20.03,823.3,41.1,29,21,179454,REVIEW
20250926153406-w088_20250926153406704_flatboi,728,625,0.6295,19.96,798.3,40.0,349,210,569278,REVIEW
20260701183132-w073-076,766,1477,0.9777,27.18,1046.7,38.51,844,128,2209604,REVIEW
20250925204843-auto_grown_20250925204843950,903,6197,0.3422,20.0,766.5,38.32,5177,4110,3801316,SPARSE
20250925204843-auto_grown_20250925204843950,1920,13182,0.3088,20.01,766.8,38.31,20706,17179,15575491,SPARSE
20250925204843-auto_grown_20250925204843950,232,1593,0.362,20.02,766.9,38.31,295,287,260257,SPARSE
20260701183133-w077-080,766,1554,0.9776,27.17,1038.1,38.21,1198,136,2324654,REVIEW
20260701183149-w124-125,221,378,0.7799,20.07,751.4,37.43,51,31,129530,REVIEW
20260701183133-w077-080,3924,9228,0.867,19.98,747.4,37.41,2069,1272,62770392,REVIEW
20250611153346-z_dbg_gen_00286_inp_hr,462,303,0.7455,19.97,741.1,37.11,994,202,207596,REVIEW
20260701183134-w081-084,766,1634,0.9776,27.27,956.0,35.06,1422,134,2444220,REVIEW
20260602230115-20230702185753_v14,239,68,0.7763,20.04,699.3,34.89,62,30,24839,REVIEW
20250611170257-z_dbg_gen_00308_inp_hr,892,662,0.2672,19.86,675.4,34.01,5057,2495,313324,SPARSE
20260701183138-w095-097,766,1425,0.9781,27.4,927.6,33.85,1241,200,2132586,REVIEW
20251115002742-auto_grown_20251115002740308_2_flatboi,621,2792,0.9066,20.02,675.1,33.71,300,127,3138469,REVIEW
20251115002742-auto_grown_20251115002740308_2_flatboi,619,2790,0.9098,20.02,675.0,33.71,296,127,3136972,REVIEW
20260701183148-w122-123,209,362,0.8336,20.07,665.7,33.17,48,27,125424,REVIEW
20260701183129-w059-063,766,1515,0.9778,27.36,907.1,33.16,2389,189,2266690,REVIEW
20260701183150-w126-127,248,408,0.7182,19.77,647.0,32.72,43,22,144433,REVIEW
20260701183139-w098-100,966,2209,0.8663,20.09,652.9,32.5,303,235,3692703,REVIEW
20250929040153-auto_grown_20250929040153260,168,562,0.4302,19.98,649.0,32.49,134,134,78925,SPARSE
20260701183139-w098-100,3864,8836,0.8642,20.07,651.9,32.48,5610,2893,58995884,REVIEW
20250611170257-z_dbg_gen_00308_inp_hr,1736,1290,0.2633,19.86,640.2,32.24,18716,9281,1174596,SPARSE
20250929040153-auto_grown_20250929040153260,1390,4651,0.4057,19.97,642.0,32.14,11747,9319,5227146,SPARSE
20250929040153-auto_grown_20250929040153260,654,2186,0.4056,19.96,641.2,32.12,2692,2078,1150873,SPARSE
20260127000000-w057_2026012713,369,476,0.8821,19.99,636.8,31.86,35,35,308907,REVIEW
20260127000000-w057_2026012713,1476,1904,0.8767,19.98,633.6,31.71,696,535,4923644,REVIEW
20260701183137-w092-094,953,2107,0.8817,20.03,634.8,31.69,363,295,3536664,REVIEW
20260701183143-w110-112,198,502,0.8895,20.0,633.6,31.67,22,18,175974,REVIEW
20260701183147-w120-121,201,365,0.8614,19.86,628.6,31.65,44,32,125684,REVIEW
20260220213127-w00,221,252,0.6741,20.23,640.1,31.64,2,2,74609,REVIEW
20250611153346-z_dbg_gen_00286_inp_hr,899,590,0.7371,19.97,628.7,31.48,3548,613,779579,REVIEW
20260701183137-w092-094,3812,8428,0.8796,20.02,624.1,31.18,6670,3287,56504768,REVIEW
20260701183145-w116-117,198,355,0.8754,19.85,617.5,31.11,25,19,122386,REVIEW
20260701183146-w118-119,198,361,0.8682,19.88,612.0,30.78,33,31,123436,REVIEW
20260701183131-w069-072,766,1398,0.9779,27.21,836.4,30.74,864,77,2091808,REVIEW
20260623171929-w128-129,186,411,0.6555,19.95,582.8,29.21,19,14,99496,REVIEW
20250926203608-auto_grown_20250926203608932,231,1223,0.3605,20.0,557.6,27.88,175,147,198405,SPARSE
20250926203608-auto_grown_20250926203608932,1912,10120,0.3239,19.99,557.1,27.86,11759,8689,12490629,SPARSE
20250926165636-auto_trace_20250926165636789,1994,11263,0.3279,20.05,558.8,27.86,15976,11801,14681258,SPARSE
20250926165636-auto_trace_20250926165636789,938,5294,0.3589,20.04,558.3,27.86,3969,2769,3539797,SPARSE
20250926203608-auto_grown_20250926203608932,899,4757,0.3416,19.99,556.8,27.86,2717,1927,2901644,SPARSE
20250926165636-auto_trace_20250926165636789,241,1361,0.3786,20.05,558.6,27.85,233,216,241971,SPARSE
20260701183135-w085-088,983,2558,0.869,20.03,527.2,26.31,175,103,4365205,REVIEW
20260701183136-w089-091,766,1335,0.9782,27.55,720.5,26.15,1139,134,1998082,REVIEW
20260701183135-w085-088,3932,10232,0.867,20.02,521.3,26.04,2702,935,69743540,REVIEW
20251106170358-w076_20251106170358232_flatboi,682,615,0.8372,19.85,516.6,26.03,8,8,700603,REVIEW
20260701183151-w128-129,236,375,0.7634,20.35,528.2,25.96,41,15,134307,REVIEW
20251115002741-auto_grown_20251115002740308_1_flatboi,629,2815,0.9049,20.02,515.6,25.76,164,59,3196871,REVIEW
20251115002741-auto_grown_20251115002740308_1_flatboi,631,2817,0.9058,20.02,515.6,25.76,214,72,3212540,REVIEW
20260701183141-w104-106,766,1557,0.9785,27.24,700.9,25.73,1146,245,2331162,REVIEW
20250928235953-auto_grown_20250928235953722,981,10262,0.3619,20.0,512.0,25.6,7010,4956,7239273,SPARSE
20250928235953-auto_grown_20250928235953722,2086,21831,0.3606,20.01,512.0,25.59,30621,22983,32737049,SPARSE
20250928235953-auto_grown_20250928235953722,252,2638,0.3806,20.02,511.9,25.57,415,402,493596,SPARSE
20260623171400-w126-127,167,403,0.6743,19.97,501.5,25.11,20,10,90114,REVIEW
20260701183142-w107-109,200,492,0.8833,20.06,502.9,25.08,8,8,172967,REVIEW
20260603222816-20231005123336_v2_flatboi,2372,2812,0.8503,20.04,490.7,24.48,451,53,11337896,REVIEW
20260701183139-w098-100,766,1468,0.9782,27.38,665.0,24.29,1181,230,2197171,REVIEW
20250716055230-z_dbg_gen_00377_inp_hr,558,361,0.6862,19.93,482.9,24.23,3544,2055,274842,REVIEW
20250716055230-z_dbg_gen_00377_inp_hr,258,167,0.6771,19.9,482.0,24.22,734,413,57524,REVIEW
20250716055230-z_dbg_gen_00377_inp_hr,1086,703,0.6776,19.93,482.4,24.21,13113,7630,1031224,REVIEW
20250926051122-auto_grown_20250926051122829,270,2589,0.3382,19.98,478.4,23.94,127,127,459314,SPARSE
20250926051122-auto_grown_20250926051122829,2235,21425,0.3167,19.97,478.1,23.94,9017,7086,30218423,SPARSE
20250926051122-auto_grown_20250926051122829,1051,10071,0.3188,19.97,477.9,23.93,1996,1489,6697466,SPARSE
20260701183130-w064-068,766,1635,0.9779,27.32,647.8,23.71,1224,86,2446617,REVIEW
20251206184729-w095_20251206184729906_flatboi,728,564,0.5785,20.05,468.3,23.36,22,8,473214,REVIEW
20260701183126-w038-045,766,1655,0.9779,26.81,623.8,23.26,2149,66,2476543,REVIEW
20250611170257-z_dbg_gen_00308_inp_hr,412,306,0.2629,19.86,449.2,22.62,1004,495,65202,SPARSE
20251105093211-z_dbg_gen_00320,682,411,0.1001,19.86,446.8,22.5,1016,50,54072,SPARSE
20260701183141-w104-106,201,481,0.8777,20.1,451.3,22.46,12,8,168872,REVIEW
20260701183127-w046-052,766,1708,0.978,27.0,604.8,22.4,1900,127,2555926,REVIEW
20250609204953-z_dbg_gen_00612,226,156,0.4345,19.99,445.3,22.28,120,35,28858,SPARSE
20250716055235-z_dbg_gen_00779_inp_hr,282,293,0.3744,19.92,437.7,21.97,610,196,60926,SPARSE
20250716055236-z_dbg_gen_00356_inp_hr,583,339,0.574,19.95,434.6,21.78,2722,1520,225474,REVIEW
20250925161630-auto_grown_20250925161630635,2135,7862,0.3462,20.04,436.4,21.78,4007,2676,11582639,SPARSE
20250925161630-auto_grown_20250925161630635,258,950,0.3696,20.04,436.2,21.76,56,48,176369,SPARSE
20250716055236-z_dbg_gen_00356_inp_hr,269,157,0.5665,19.97,434.6,21.76,541,289,47153,REVIEW
20250716055236-z_dbg_gen_00356_inp_hr,1135,660,0.5663,19.94,433.9,21.76,9949,5556,845419,REVIEW
20250925161630-auto_grown_20250925161630635,1004,3696,0.3498,20.03,435.4,21.73,898,593,2577283,SPARSE
20250611173014-z_dbg_gen_00506_inp_hr,286,225,0.3851,19.89,429.9,21.62,669,352,48588,SPARSE
20260701183128-w053-058,766,1653,0.9781,27.19,587.3,21.6,2448,143,2473976,REVIEW
20260127000000-w057_2026012713,380,489,0.8745,19.97,431.1,21.59,57,21,324052,REVIEW
20260220214732-auto_grown_20260220144552896,225,256,0.6527,20.23,436.5,21.57,7,2,74716,REVIEW
20251110110112-w066_20251110110112608_flatboi,1005,768,0.5901,20.03,426.9,21.31,234,25,909092,REVIEW
20250611161415-z_dbg_gen_00411_inp_hr,516,319,0.7013,19.94,412.9,20.7,1289,252,229679,REVIEW
20250611161415-z_dbg_gen_00411_inp_hr,239,148,0.6936,19.89,411.3,20.68,217,50,48476,REVIEW
20250611161415-z_dbg_gen_00411_inp_hr,1005,622,0.6936,19.93,412.1,20.68,4446,926,864688,REVIEW
20250611153340-z_dbg_gen_00275,431,257,0.3957,20.0,412.8,20.64,69,23,85587,SPARSE
20251217234605-w2_20251217234605189,762,731,0.7151,21.57,443.6,20.56,1760,267,795266,REVIEW
20250611171318-z_dbg_gen_00440_inp_hr,362,291,0.6171,28.19,576.0,20.43,2716,493,128935,REVIEW
20250611171318-z_dbg_gen_00440_inp_hr,167,135,0.6055,28.2,576.2,20.43,518,88,26758,REVIEW
20250611171318-z_dbg_gen_00440_inp_hr,705,567,0.6061,28.16,575.0,20.42,9931,1730,482233,REVIEW
20250716055231-z_dbg_gen_00473_inp_hr,579,358,0.5977,20.02,408.7,20.41,1714,1046,246380,REVIEW
20250716055231-z_dbg_gen_00473_inp_hr,268,166,0.5893,19.99,407.6,20.4,341,185,51723,REVIEW
20250716055231-z_dbg_gen_00473_inp_hr,1127,697,0.5904,20.02,408.3,20.39,6329,3779,924474,REVIEW
20250611153340-z_dbg_gen_00275,839,501,0.3771,20.0,405.7,20.28,199,43,313217,SPARSE
20250716055234-z_dbg_gen_00709_inp_hr,187,114,0.766,19.87,395.5,19.9,399,160,32089,REVIEW
20250716055234-z_dbg_gen_00709_inp_hr,405,247,0.7776,19.87,395.4,19.9,2111,909,154429,REVIEW
20250716055234-z_dbg_gen_00709_inp_hr,788,481,0.7653,19.87,395.2,19.89,7691,3183,577670,REVIEW
20250716055233-z_dbg_gen_00565_inp_hr,481,397,0.6073,19.9,384.1,19.29,2722,1721,230627,REVIEW
20250716055233-z_dbg_gen_00565_inp_hr,222,184,0.6,19.91,384.0,19.29,541,329,48367,REVIEW
20250716055233-z_dbg_gen_00565_inp_hr,936,773,0.6004,19.9,383.7,19.28,9988,6215,866025,REVIEW
20260227000000-w052_2026022705,374,475,0.8979,20.0,385.2,19.26,41,40,318054,REVIEW
20250925182632-auto_grown_20250925182632715,930,4217,0.3492,20.02,381.3,19.05,934,514,2721389,SPARSE
20250925182632-auto_grown_20250925182632715,1978,8971,0.3458,20.02,381.3,19.04,4046,2439,12235389,SPARSE
20250925182632-auto_grown_20250925182632715,239,1084,0.3666,20.03,381.1,19.03,58,50,185449,SPARSE
20260227000000-w052_2026022705,1496,1900,0.8924,19.98,366.5,18.34,825,390,5069384,REVIEW
20250930083742-auto_grown_20250930083742882,984,3995,0.3492,20.04,360.5,17.99,476,342,2724645,SPARSE
20250930083742-auto_grown_20250930083742882,2094,8499,0.3494,20.03,360.3,17.98,2066,1531,12390607,SPARSE
20250930083742-auto_grown_20250930083742882,253,1027,0.3706,20.04,360.4,17.98,29,29,187083,SPARSE
20260227000000-w052_2026022705,385,488,0.8905,19.99,359.2,17.97,42,39,333626,REVIEW
20250611172135-z_dbg_gen_00346_inp_hr,556,329,0.639,19.99,353.5,17.68,1086,419,232508,REVIEW
20250611172135-z_dbg_gen_00346_inp_hr,1082,641,0.6314,19.99,353.2,17.67,3853,1514,873199,REVIEW
20250611172135-z_dbg_gen_00346_inp_hr,257,152,0.6313,19.97,352.9,17.67,215,79,48699,REVIEW
20250611153347-z_dbg_gen_00105_inp_hr,219,103,0.5799,19.96,346.2,17.35,540,317,25669,REVIEW
20250611153347-z_dbg_gen_00105_inp_hr,475,222,0.5892,19.94,345.9,17.35,2595,1669,123233,REVIEW
20250611153347-z_dbg_gen_00105_inp_hr,924,433,0.5796,19.94,345.7,17.34,9585,6092,461675,REVIEW
20260603222816-20231005123336_v2_flatboi,2371,2640,0.9048,20.05,337.0,16.81,277,16,11322443,REVIEW
20260623170305-w122-123,128,361,0.8794,19.83,332.4,16.76,8,4,80713,REVIEW
20250716055227-z_dbg_gen_00260_inp_hr,287,191,0.5521,19.89,332.5,16.72,1095,389,59880,REVIEW
20250716055227-z_dbg_gen_00260_inp_hr,133,88,0.5384,19.94,333.1,16.71,218,50,12294,REVIEW
20250716055227-z_dbg_gen_00260_inp_hr,559,372,0.5392,19.88,331.9,16.69,4008,1144,222949,REVIEW
20250628074500-500P2_front,679,387,0.649,19.84,329.1,16.59,50,7,339914,REVIEW
20250919132115-auto_grown_20250919062115592_inp_hr,1303,1181,0.8059,20.02,331.4,16.55,5574,4574,2477723,REVIEW
20250919132115-auto_grown_20250919062115592_inp_hr,362,328,0.8119,20.02,331.1,16.54,427,372,192081,REVIEW
20251106170358-w076_20251106170358232_flatboi,673,608,0.8524,19.85,324.9,16.37,13,5,695875,REVIEW
20250611132918-z_dbg_gen_00302_inp_hr,545,353,0.6042,19.97,314.2,15.73,1202,514,231124,REVIEW
20250611132918-z_dbg_gen_00302_inp_hr,1061,688,0.5967,19.96,313.7,15.71,4376,1753,868340,REVIEW
20250611132918-z_dbg_gen_00302_inp_hr,252,163,0.5969,19.95,313.5,15.71,222,82,48367,REVIEW
20260206000002-w054_2026020617,372,542,0.8475,19.99,307.9,15.4,32,22,340709,REVIEW
20260206000002-w054_2026020617,1488,2168,0.8423,19.97,306.8,15.36,360,129,5430520,REVIEW
20250611134135-z_dbg_gen_00331_inp_hr,586,355,0.5496,19.94,304.3,15.26,1583,717,227264,REVIEW
20250611134135-z_dbg_gen_00331_inp_hr,1141,691,0.5426,19.93,303.7,15.24,5834,2584,852628,REVIEW
20250611134135-z_dbg_gen_00331_inp_hr,271,164,0.5415,19.92,303.6,15.24,317,125,47440,REVIEW
20260306000001-w051_2026030600,368,467,0.9098,19.97,298.5,14.95,15,11,311775,REVIEW
20260604223808-20231210121321_v8,3380,2352,0.9165,20.09,296.7,14.77,957,12,14565932,REVIEW
20250611161023-z_dbg_gen_00205_inp_hr,560,164,0.5502,19.97,289.1,14.48,715,420,100144,REVIEW
20250611161023-z_dbg_gen_00205_inp_hr,1090,320,0.5387,19.95,288.6,14.46,2655,1503,373961,REVIEW
20250611161023-z_dbg_gen_00205_inp_hr,259,76,0.5425,19.94,288.3,14.46,139,81,20931,REVIEW
20260206000002-w054_2026020617,383,557,0.8416,19.94,287.6,14.43,23,15,358027,REVIEW
20251110110112-w066_20251110110112608_flatboi,837,749,0.7227,20.03,288.8,14.42,183,3,904332,REVIEW
20260701183140-w101-103,207,476,0.8528,19.97,287.1,14.38,21,3,167214,REVIEW
20260623170833-w124-125,134,367,0.8401,19.89,279.9,14.07,8,4,82052,REVIEW
20251206184729-w095_20251206184729906_flatboi,724,571,0.5695,20.05,281.7,14.05,5,1,469075,REVIEW
20250611171745-z_dbg_gen_00225_inp_hr,507,212,0.6262,21.73,305.1,14.04,574,133,133536,REVIEW
20250611171745-z_dbg_gen_00225_inp_hr,987,413,0.6159,21.72,304.8,14.03,1979,471,499867,REVIEW
20250611171745-z_dbg_gen_00225_inp_hr,234,98,0.615,21.74,304.8,14.02,94,21,27675,REVIEW
20260603222816-20231005123336_v2_flatboi,5036,5607,0.904,20.05,279.9,13.96,780,24,51041905,REVIEW
20250919133208-auto_grown_20250919063208154_inp_hr,1228,903,0.7692,20.03,276.0,13.78,8794,7409,1703739,REVIEW
20260220000000-w053_2026022021,362,504,0.8671,20.01,275.2,13.76,21,6,315426,REVIEW
20250919133208-auto_grown_20250919063208154_inp_hr,341,251,0.7763,20.02,275.2,13.74,669,605,132274,REVIEW
20260604223808-20231210121321_v8,3409,2338,0.913,20.09,276.0,13.73,823,9,14548173,REVIEW
20260306000001-w051_2026030600,1472,1868,0.9043,19.96,273.8,13.72,215,66,4969536,REVIEW
20260604223808-20231210121321_v8,7241,4966,0.5998,20.09,273.8,13.63,45,30,43128746,REVIEW
20250926114310-w080_20250926114310705_flatboi,642,578,0.738,19.81,269.5,13.61,1,1,546054,REVIEW
20251204192708-w093_20251204192708445_flatboi,747,879,0.4565,19.93,260.2,13.05,2,1,596908,SPARSE
20250716055232-z_dbg_gen_00505_inp_hr,544,375,0.5621,19.96,260.2,13.04,1639,150,228021,REVIEW
20250716055229-z_dbg_gen_00371_inp_hr,554,202,0.6694,19.97,260.2,13.03,666,177,148631,REVIEW
20250716055232-z_dbg_gen_00505_inp_hr,1059,731,0.5554,19.95,259.5,13.01,5809,444,857180,REVIEW
20250716055229-z_dbg_gen_00371_inp_hr,1078,394,0.6578,19.95,259.4,13.0,2276,556,556283,REVIEW
20250716055229-z_dbg_gen_00371_inp_hr,256,94,0.6565,19.93,258.2,12.95,100,22,30999,REVIEW
20260306000001-w051_2026030600,379,480,0.902,19.96,255.8,12.81,14,10,327234,REVIEW
20251115002740-auto_grown_20251115002740308_0_flatboi,557,2462,0.9166,20.01,255.6,12.77,29,11,2509733,REVIEW
20251115002740-auto_grown_20251115002740308_0_flatboi,555,2460,0.9203,20.01,255.5,12.77,28,11,2508937,REVIEW
20251001060526-auto_grown_20251001060526760,236,1234,0.3325,20.04,250.6,12.5,16,10,188102,SPARSE
20250611154256-z_dbg_gen_00354_inp_hr,579,385,0.592,19.92,245.6,12.33,1856,512,262494,REVIEW
20250611154256-z_dbg_gen_00354_inp_hr,268,178,0.5848,19.87,244.6,12.31,342,74,55083,REVIEW
20250611154256-z_dbg_gen_00354_inp_hr,1127,750,0.5853,19.91,244.6,12.28,6696,1608,986344,REVIEW
20260701183132-w073-076,1003,2176,0.8505,20.0,245.0,12.25,20,2,3708060,REVIEW
20251001060526-auto_grown_20251001060526760,1953,10212,0.3134,20.04,244.9,12.22,1058,377,12454886,SPARSE
20250716055228-z_dbg_gen_00333_inp_hr,298,239,0.6973,19.93,242.8,12.19,698,64,98451,REVIEW
20250716055228-z_dbg_gen_00333_inp_hr,580,466,0.6848,19.9,242.4,12.18,2362,200,368382,REVIEW
20260220000000-w053_2026022021,1448,2016,0.8618,20.0,243.5,12.18,194,36,5027564,REVIEW
20250611133823-z_dbg_gen_00130_inp_hr,582,195,0.5683,19.95,242.5,12.15,1048,139,128009,REVIEW
20250611133823-z_dbg_gen_00130_inp_hr,1133,380,0.5593,19.96,242.2,12.13,3719,454,479664,REVIEW
20250611133823-z_dbg_gen_00130_inp_hr,269,90,0.5592,20.0,242.1,12.1,187,18,26613,REVIEW
20250716055228-z_dbg_gen_00333_inp_hr,138,111,0.683,19.85,239.3,12.06,108,9,20496,REVIEW
20251001060526-auto_grown_20251001060526760,918,4800,0.3133,20.04,240.4,11.99,207,75,2739784,SPARSE
20260701183131-w069-072,921,2063,0.9236,19.98,239.0,11.96,3,2,3505411,REVIEW
20250716055232-z_dbg_gen_00505_inp_hr,251,174,0.5553,19.98,236.0,11.81,289,16,47866,REVIEW
20260310000000-w037_2026031015,449,316,0.3673,27.97,326.1,11.66,32,9,103755,SPARSE
20260701183124-w010-027,766,1691,0.9783,25.1,291.2,11.6,1662,30,2531288,REVIEW
20250611153346-z_dbg_gen_00286_inp_hr,214,140,0.7388,19.96,231.2,11.58,183,18,43723,REVIEW
20260701183125-w028-037,766,1626,0.9775,26.38,296.5,11.24,1934,63,2432169,REVIEW
20250831000000-w040_2025083102,615,431,0.4021,20.15,221.3,10.99,43,5,212458,SPARSE
20251226000000-w055_2025122611,375,507,0.8578,20.01,219.7,10.98,13,2,325207,REVIEW
20260701183132-w073-076,4012,8704,0.8484,19.99,217.2,10.87,163,3,59238360,REVIEW
20260206000002-w054_2026020617,3165,4612,0.6284,19.97,210.8,10.56,185,28,18339404,REVIEW
20260206000002-w054_2026020617,1493,2175,0.6906,19.96,209.3,10.49,38,6,4481729,REVIEW
20251115002745-auto_grown_20251115002740308_5_flatboi,639,3067,0.9046,20.03,209.6,10.46,4,1,3541387,REVIEW
20251115002745-auto_grown_20251115002740308_5_flatboi,637,3065,0.9077,20.03,209.6,10.46,4,1,3539971,REVIEW
20251226000000-w055_2025122611,539,747,0.4094,20.11,208.1,10.35,30,1,328778,SPARSE
20250925222237-auto_grown_20250925222237459,196,595,0.4403,20.05,207.4,10.34,13,1,99960,SPARSE
20250925222237-auto_grown_20250925222237459,1622,4924,0.4169,20.05,205.9,10.27,689,7,6636509,SPARSE
20260220000000-w053_2026022021,372,518,0.8602,20.0,204.1,10.21,10,1,330539,REVIEW
20250925212701-auto_grown_20250925212701145,794,1342,0.4479,20.01,202.9,10.14,16,12,946107,SPARSE
20250925212701-auto_grown_20250925212701145,1688,2855,0.4483,20.01,202.9,10.14,72,72,4302823,SPARSE
20250925212701-auto_grown_20250925212701145,204,345,0.4792,20.01,202.9,10.14,2,2,65273,SPARSE
20251226000000-w055_2025122611,1505,2035,0.6988,19.97,201.2,10.07,81,2,4276597,REVIEW
20250925222237-auto_grown_20250925222237459,763,2315,0.4168,20.04,197.5,9.86,153,0,1462040,SPARSE
20251226000000-w055_2025122611,1500,2028,0.8527,19.99,194.1,9.71,121,0,5183792,WATCH
20250108000000-w025_2025010863,365,348,0.7962,20.42,195.2,9.56,4,1,201588,REVIEW
20251220015639-w6_20251220015639809,920,705,0.1342,20.47,195.3,9.54,250,0,173178,SPARSE
20250926122938-w082_20250926122938619_flatboi,721,587,0.7324,19.5,179.8,9.22,2,0,618159,WATCH
20260701183138-w095-097,204,457,0.8646,19.94,180.3,9.04,27,0,160404,WATCH
20260612121456-w011_20260108140509268_merged_v4_flatboi_straightened_v4,628,9204,0.76,21.61,190.7,8.83,14,0,8755112,WATCH
20260612121456-w011_20260108140509268_merged_v4_flatboi_straightened_v4,709,9205,0.6752,21.61,190.7,8.82,14,0,8796360,WATCH
20250926112011-w078_20250926112011918_flatboi,695,629,0.8119,19.77,172.1,8.7,1409,0,708146,WATCH
20250919125302-auto_grown_20250919055302061,312,270,0.6393,20.36,172.8,8.49,4,0,105726,WATCH
20260612121456-w011_20260108140509268_merged_v4_flatboi_straightened_v4,2061,30097,0.7546,21.61,180.3,8.35,90,0,93516268,WATCH
20260612121456-w011_20260108140509268_merged_v4_flatboi_straightened_v4,1517,22090,0.7545,21.6,180.3,8.35,42,0,50489691,WATCH
20260701183136-w089-091,203,430,0.8737,19.89,162.6,8.17,6,0,151738,WATCH
20260623145652-w059-063,615,2165,0.9032,20.56,165.9,8.07,11,0,2401795,WATCH
20260623145652-w059-063,613,2163,0.9044,20.56,165.9,8.07,11,0,2394932,WATCH
20260623145652-w059-063,5208,18377,0.9011,20.55,165.6,8.06,605,0,172456768,WATCH
20260623145652-w059-063,2452,8652,0.9018,20.55,162.3,7.9,119,0,38251632,WATCH
20260701183133-w077-080,207,487,0.8668,19.89,157.0,7.89,6,0,173841,WATCH
20251226000000-w055_2025122611,3191,4315,0.6356,19.98,156.0,7.81,118,0,17496211,WATCH
20250926112011-w078_20250926112011918_flatboi,685,625,0.8251,19.74,153.7,7.78,1348,0,704750,WATCH
20251115002748-auto_grown_20251115002740308_8_flatboi,627,1859,0.9441,20.02,154.6,7.72,2,0,2198166,WATCH
20260603222816-20231005123336_v2_flatboi,727,811,0.8986,20.05,154.5,7.71,8,0,1058040,WATCH
20251226000000-w055_2025122611,386,521,0.8513,19.97,144.5,7.24,4,0,341396,WATCH
20260701183134-w081-084,208,514,0.8683,19.92,143.6,7.21,7,0,184691,WATCH
20251115002743-auto_grown_20251115002740308_3_flatboi,648,2878,0.8892,20.01,138.6,6.93,2,0,3312402,WATCH
20251115002743-auto_grown_20251115002740308_3_flatboi,650,2880,0.8861,20.01,138.6,6.93,2,0,3313424,WATCH
20260623145652-w059-063,752,2658,0.874,20.54,134.7,6.56,6,0,3490176,WATCH
20260206000002-w054_2026020617,555,763,0.4099,20.33,128.4,6.32,1,0,346289,SPARSE
20260701183128-w053-058,3660,9244,0.9377,20.57,129.3,6.28,146,0,63434000,WATCH
20260701183128-w053-058,915,2311,0.94,20.6,129.3,6.28,18,0,3970620,WATCH
20260701183127-w046-052,937,2435,0.9096,20.12,124.2,6.17,5,0,4145567,WATCH
20260701183139-w098-100,204,466,0.8644,19.97,123.1,6.16,4,0,163514,WATCH
20260701183137-w092-094,201,445,0.8794,19.9,121.2,6.09,5,0,156513,WATCH
20260701183127-w046-052,3748,9740,0.9074,20.1,121.2,6.03,58,0,66230308,WATCH
20251220012955-w7_20251220012955200,698,492,0.2221,20.45,121.8,5.96,22,0,151679,SPARSE
20260623144957-w053-058,610,2335,0.9124,20.22,119.5,5.91,3,0,2595532,WATCH
20260623144957-w053-058,608,2333,0.9159,20.22,119.5,5.91,3,0,2594663,WATCH
20260623144957-w053-058,5166,19821,0.9128,20.22,115.6,5.72,119,0,186911661,WATCH
20260116230000-w035_2026011623_flatboi,566,511,0.7196,19.92,113.2,5.68,1,0,415003,WATCH
20260221022814-auto_grown_20260220174252405,1078,613,0.0777,19.95,111.4,5.58,2,0,101783,SPARSE
20260623144957-w053-058,2432,9332,0.9133,20.21,112.0,5.54,24,0,41441590,WATCH
20260321025901-MAN5_outer_3,1206,1495,0.8555,19.58,104.5,5.34,1,0,3081837,WATCH
20251115002748-auto_grown_20251115002740308_8_flatboi,637,1867,0.9218,20.03,105.5,5.27,1,0,2189914,WATCH
20260623144957-w053-058,746,2866,0.8851,20.22,106.3,5.26,1,0,3780422,WATCH
20260119120000-w036_2026011912_flatboi,608,515,0.6524,19.88,104.3,5.25,1,0,407126,WATCH
20250611153340-z_dbg_gen_00275,199,119,0.3772,19.99,103.2,5.16,3,0,16951,SPARSE
20260701183129-w059-063,923,2200,0.9293,20.12,102.2,5.08,1,0,3769620,WATCH
20260701183129-w059-063,3692,8800,0.9271,20.11,101.6,5.05,6,0,60224944,WATCH
20260701183135-w085-088,207,540,0.8671,19.92,99.3,4.98,1,0,192890,OK
20260105050000-w032_2026010505_flatboi,586,512,0.7526,19.85,98.6,4.97,0,0,450208,OK
20260623141649-w053-058_jordi,613,2327,0.911,20.0,95.0,4.75,0,0,2595301,OK
20260623141649-w053-058_jordi,611,2325,0.9122,20.0,95.0,4.75,0,0,2588103,OK
20250831000000-w040_2025083102,311,388,0.87,20.03,94.5,4.72,0,0,209180,OK
20260701183126-w038-045,936,2299,0.9058,20.14,94.6,4.7,0,0,3893722,OK
20260623141649-w053-058_jordi,5191,19753,0.9092,19.99,93.8,4.69,0,0,186416668,OK
20251218212128-w4_20251218212128406,1310,1039,0.1164,20.37,95.0,4.66,0,0,315762,SPARSE
20260623141649-w053-058_jordi,2444,9300,0.9097,19.99,92.0,4.6,0,0,41339368,OK
20260306000000-w038_2026030608,456,321,0.3779,27.59,126.7,4.59,0,0,110137,SPARSE
20260115160000-w034_2026011516_flatboi,552,505,0.6966,19.94,90.8,4.55,0,0,387121,OK
20250926113336-w079_20250926113336891_flatboi,731,794,0.5938,19.92,89.9,4.51,0,0,687390,OK
20260227000000-w052_2026022705,581,787,0.3595,20.51,92.2,4.5,0,0,327923,SPARSE
20260701183126-w038-045,3744,9196,0.9037,20.13,90.3,4.49,0,0,62213016,OK
20250926132117-w083_20250926132117595_flatboi,696,592,0.7582,19.66,87.2,4.44,0,0,623129,OK
20250831000000-w040_2025083102,2646,3302,0.7327,20.03,87.6,4.37,0,0,12798135,OK
20260701183125-w028-037,895,2183,0.9417,20.23,87.7,4.34,0,0,3675606,OK
20260701183126-w038-045,1148,2825,0.6279,20.19,87.3,4.32,0,0,4067982,OK
20250831000000-w040_2025083102,1248,1557,0.8106,20.02,85.6,4.27,0,0,3147418,OK
20260123230000-w037_2026012323_flatboi,523,491,0.6611,19.91,84.8,4.26,0,0,338330,OK
20250108000000-w025_2025010863,354,331,0.8347,20.01,84.9,4.24,0,0,194850,OK
20250108000000-w025_2025010863,3012,2817,0.5971,20.0,84.8,4.24,0,0,10128072,OK
20250108000000-w025_2025010863,1416,1324,0.8282,20.0,84.7,4.24,0,0,3102316,OK
20250108000000-w025_2025010863,1421,1329,0.6587,20.0,84.7,4.24,0,0,2485453,OK
20260604223808-20231210121321_v8,180,123,0.9125,20.08,84.7,4.22,0,0,40092,OK
20250831000000-w040_2025083102,1244,1552,0.8635,20.02,84.5,4.22,0,0,3331316,OK
20260623141649-w053-058_jordi,750,2857,0.8812,19.99,84.2,4.21,0,0,3772230,OK
20251106133152-w077_20251106133152767_flatboi,817,597,0.6848,19.89,82.1,4.13,0,0,666231,OK
20260701183130-w064-068,925,2403,0.9234,19.98,81.7,4.09,0,0,4100292,OK
20260701183125-w028-037,3580,8732,0.9396,20.21,82.4,4.08,0,0,58727592,OK
20260116230000-w035_2026011623_flatboi,559,498,0.7423,19.91,81.1,4.07,0,0,412022,OK
20260701183125-w028-037,1098,2682,0.648,20.25,82.4,4.07,0,0,3812654,OK
20260116230000-w035_2026011623_flatboi,3921,3436,0.6117,19.92,80.8,4.06,0,0,16471726,OK
20251204101314-w092_20251204101314959_flatboi,684,640,0.6626,19.97,80.7,4.04,0,0,578367,OK
20260116230000-w035_2026011623_flatboi,1350,1196,0.7378,19.88,80.3,4.04,0,0,2379503,OK
20251217233843-w1_20251217233843496,877,840,0.2614,20.13,81.1,4.03,0,0,383842,SPARSE
20251222223312-w7_20251222223312675,352,224,0.4326,20.93,84.2,4.02,0,0,67696,SPARSE
20260604223808-20231210121321_v8,1046,718,0.5819,20.08,80.0,3.98,0,0,872682,OK
20251218212713-w5_20251218212713988,917,718,0.2184,20.52,80.4,3.92,0,0,286515,SPARSE
20260302000001-w050_2026030220,262,176,0.9518,20.66,80.9,3.92,0,0,87342,OK
20260220000000-w053_2026022021,561,767,0.3752,20.48,79.7,3.89,0,0,321977,SPARSE
20260701183130-w064-068,3700,9612,0.9213,19.97,77.7,3.89,0,0,65513476,OK
20260115000001-w056_2026011514,349,474,0.8792,20.0,76.9,3.84,0,0,289976,OK
20260115000001-w056_2026011514,2969,4034,0.6707,19.98,76.2,3.81,0,0,16060046,OK
20260116230000-w035_2026011623_flatboi,1834,1628,0.7378,19.9,75.8,3.81,0,0,4401585,OK
20251218010446-w0_20251218010446110,765,689,0.3162,20.17,75.1,3.72,0,0,332288,SPARSE
20260115000001-w056_2026011514,1401,1902,0.7288,19.97,74.2,3.71,0,0,3880706,OK
20260701183124-w010-027,872,2125,0.9541,20.0,73.0,3.65,0,0,3531836,OK
20260126000000-w045_2026012619,676,490,0.3316,19.57,71.4,3.65,0,0,218932,SPARSE
20260325000000-w046_20260325,684,498,0.3224,19.61,71.4,3.64,0,0,218932,SPARSE
20251218211706-w3_20251218211706689,1135,852,0.1679,20.33,73.4,3.61,0,0,323625,SPARSE
20260115160000-w034_2026011516_flatboi,547,496,0.7105,19.92,71.9,3.61,0,0,384269,OK
20260115000001-w056_2026011514,1396,1896,0.8737,19.99,71.0,3.55,0,0,4621328,OK
20250831000000-w040_2025083102,320,399,0.8619,20.01,70.9,3.54,0,0,219303,OK
20260128140000-w038_2026012814_flatboi,545,514,0.6545,19.84,70.0,3.53,0,0,365425,OK
20250919125302-auto_grown_20250919055302061,309,258,0.642,20.04,70.6,3.52,0,0,100224,OK
20260115160000-w034_2026011516_flatboi,1320,1191,0.706,19.9,69.8,3.51,0,0,2216832,OK
20260701183124-w010-027,3488,8500,0.9519,19.99,70.1,3.51,0,0,56428064,OK
20251211152543-w053_20251211152543204_flatboi,531,629,0.8916,20.03,69.3,3.46,0,0,594330,OK
20260306000001-w051_2026030600,601,807,0.3355,20.52,70.7,3.45,0,0,324551,SPARSE
20260115160000-w034_2026011516_flatboi,3838,3421,0.5812,19.91,68.5,3.44,0,0,15250826,OK
20251204192708-w093_20251204192708445_flatboi,753,865,0.4558,19.94,67.9,3.41,0,0,591429,SPARSE
20250108000000-w025_2025010863,364,340,0.8265,20.0,66.9,3.34,0,0,203795,OK
20250919125302-auto_grown_20250919055302061,1113,929,0.6149,20.03,66.7,3.33,0,0,1263704,OK
20260623143441-w038-045,594,2317,0.9082,20.01,66.6,3.33,0,0,2473938,OK
20260623143441-w038-045,596,2319,0.9194,20.01,66.6,3.33,0,0,2537835,OK
20251211152543-w053_20251211152543204_flatboi,530,617,0.9058,20.03,65.7,3.28,0,0,591067,OK
20260623143441-w038-045,5047,19685,0.8874,20.01,65.4,3.27,0,0,176087763,OK
20260623143441-w038-045,729,2847,0.8606,20.0,65.1,3.25,0,0,3538734,OK
20260623144957-w053-058,128,492,0.9131,20.17,65.4,3.24,0,0,114281,OK
20260623141649-w053-058_jordi,129,491,0.9105,19.93,64.6,3.24,0,0,114615,OK
20260115160000-w034_2026011516_flatboi,1795,1622,0.706,19.9,63.4,3.19,0,0,4106825,OK
20251204101314-w092_20251204101314959_flatboi,677,628,0.6774,19.97,62.9,3.15,0,0,574352,OK
20250926150345-w086_20250926150345176_flatboi,631,484,0.8627,19.99,62.7,3.13,0,0,525501,OK
20260115000001-w056_2026011514,511,722,0.4132,19.94,62.3,3.13,0,0,304005,SPARSE
20260623151729-w073-076,616,2193,0.8951,19.96,62.3,3.12,0,0,2414873,OK
20260623151729-w073-076,614,2191,0.8987,19.96,62.3,3.12,0,0,2414442,OK
20260623143441-w038-045,2376,9268,0.888,20.0,62.3,3.12,0,0,38996900,OK
20260128140000-w038_2026012814_flatboi,536,503,0.6746,19.8,61.6,3.11,0,0,362519,OK
20260623145652-w059-063,129,456,0.9022,20.5,63.6,3.1,0,0,105460,OK
20260701183129-w059-063,195,464,0.9272,20.04,61.8,3.08,0,0,166932,OK
20260623151729-w073-076,5217,18615,0.8956,19.95,61.2,3.07,0,0,173926965,OK
20260127000000-w057_2026012713,541,756,0.4035,19.65,60.2,3.07,0,0,329197,SPARSE
20230929220926,497,1168,0.8676,19.87,60.7,3.06,0,0,1005225,OK
20260623150417-w064-068,618,2395,0.899,20.11,61.4,3.05,0,0,2657542,OK
20260623150417-w064-068,616,2393,0.9023,20.11,61.4,3.05,0,0,2656504,OK
20260623150417-w064-068,5234,20331,0.8993,20.1,61.3,3.05,0,0,191354497,OK
20260128140000-w038_2026012814_flatboi,1759,1645,0.67,19.78,60.2,3.04,0,0,3873674,OK
20260623151729-w073-076,2456,8764,0.8961,19.95,60.7,3.04,0,0,38562462,OK
20250919131352-auto_grown_20250919061352722_inp_hr,378,300,0.7511,20.67,62.8,3.04,0,0,169704,OK
20260701183131-w069-072,3684,8252,0.9214,19.96,60.6,3.04,0,0,56005220,OK
20260318000000-w049_20260318,746,555,0.2784,20.45,62.0,3.03,0,0,229807,SPARSE
20250926114310-w080_20250926114310705_flatboi,624,571,0.7632,19.8,60.0,3.03,0,0,542219,OK
20250926113336-w079_20250926113336891_flatboi,726,819,0.5757,19.92,60.3,3.03,0,0,682576,OK
20250926132117-w083_20250926132117595_flatboi,697,581,0.7663,19.63,58.9,3.0,0,0,618963,OK
20260112000000-w043_2026011217,644,453,0.3733,19.72,59.1,2.99,0,0,217118,SPARSE
20251222204911-w6_20251222204911527,360,224,0.5828,20.93,62.6,2.99,0,0,93464,OK
20260128140000-w038_2026012814_flatboi,3761,3472,0.5759,19.82,58.7,2.96,0,0,15031324,OK
20250108000001-w026_2025010854,1554,1500,0.0501,20.11,59.5,2.96,0,0,232835,SPARSE
20260130150000-w039_2026013015_flatboi,549,511,0.6749,19.85,57.9,2.92,0,0,377408,OK
20260603193311-5753_-1_copy,1056,200,0.5521,20.08,58.3,2.9,0,0,231267,OK
20260603005223-5753_-1,1056,200,0.6459,20.1,58.3,2.9,0,0,271404,OK
20260108140509-w011_20260108140509268_flatboi,605,244,0.7492,19.92,57.2,2.87,0,0,220102,OK
20260623150417-w064-068,2464,9572,0.8998,20.1,57.6,2.87,0,0,42429642,OK
20250919135433-auto_grown_20250919065433578_inp_hr,360,348,0.7336,20.31,57.9,2.85,0,0,183132,OK
20260128140000-w038_2026012814_flatboi,1294,1208,0.67,19.76,55.7,2.82,0,0,2091724,OK
20260105050000-w032_2026010505_flatboi,1400,1206,0.7641,19.79,55.7,2.82,0,0,2577165,OK
20260603024952-5753_-2,1023,161,0.7876,20.07,56.5,2.81,0,0,258040,OK
20260105050000-w032_2026010505_flatboi,580,502,0.7689,19.83,55.8,2.81,0,0,446375,OK
20260105050000-w032_2026010505_flatboi,4070,3463,0.5777,19.85,55.8,2.81,0,0,16275371,OK
20260119120000-w036_2026011912_flatboi,608,507,0.6577,19.85,55.4,2.79,0,0,404056,OK
20251219211451-w8_20251219211451561,233,226,0.3076,20.14,55.8,2.77,0,0,32102,SPARSE
20260623144224-w046-052,604,2412,0.9149,20.15,55.8,2.77,0,0,2661916,OK
20260623144224-w046-052,602,2410,0.9185,20.15,55.8,2.77,0,0,2661242,OK
20251111151836-w069_20251111151836406_flatboi,810,876,0.7957,19.96,55.3,2.77,0,0,1127286,OK
20260623151729-w073-076,753,2692,0.8696,19.94,54.8,2.75,0,0,3521512,OK
20250223000000-w059_2025022312,570,792,0.3582,19.19,52.5,2.74,0,0,322488,SPARSE
20260105050000-w032_2026010505_flatboi,1903,1641,0.7642,19.82,54.2,2.74,0,0,4768780,OK
20260115000000-w044_2026011522,659,464,0.36,19.59,53.6,2.73,0,0,219452,SPARSE
20260130150000-w039_2026013015_flatboi,550,509,0.6703,19.82,52.9,2.67,0,0,374077,OK
20260623144224-w046-052,5115,20475,0.9154,20.14,53.7,2.67,0,0,191699607,OK
20260119120000-w036_2026011912_flatboi,1995,1658,0.6531,19.83,52.8,2.66,0,0,4316322,OK
20260219000000-w033_2026021913,2426,2366,0.0209,20.11,53.3,2.65,0,0,239202,SPARSE
20250919124917-auto_grown_20250919054917419_inp_hr,372,198,0.7056,20.27,53.7,2.65,0,0,103416,OK
20231012184424,789,1169,0.892,19.97,52.9,2.65,0,0,1643226,OK
20260119120000-w036_2026011912_flatboi,4267,3497,0.5516,19.86,52.5,2.65,0,0,16449432,OK
20260623150417-w064-068,756,2940,0.8728,20.1,52.8,2.63,0,0,3875696,OK
20260130150000-w039_2026013015_flatboi,3858,3512,0.5775,19.87,52.1,2.62,0,0,15638061,OK
20250926051122-auto_grown_20250926051122829,258,2598,0.3563,21.43,56.2,2.62,0,0,466020,SPARSE
20260221022814-auto_grown_20260220174252405,4204,2389,0.0719,19.88,52.1,2.62,0,0,1441476,SPARSE
20260206000000-w042_2026020613,638,450,0.3597,19.98,52.2,2.61,0,0,205889,SPARSE
20260311000000-w023_202603112281,414,398,0.5423,21.18,55.2,2.61,0,0,178060,OK
20260130150000-w039_2026013015_flatboi,1805,1664,0.6659,19.8,51.6,2.61,0,0,3996418,OK
20260130150000-w039_2026013015_flatboi,1328,1223,0.6643,19.76,51.1,2.59,0,0,2154828,OK
20260215000000-w024_2026021572,376,360,0.6925,20.89,53.9,2.58,0,0,186815,OK
20231221180251,496,650,0.9068,19.94,51.3,2.57,0,0,583373,OK
20260603222816-20231005123336_v2_flatboi,125,139,0.9038,20.04,51.0,2.55,0,0,31135,OK
20260602225659-5753_0,1066,223,0.6,20.38,51.2,2.51,0,0,283989,OK
20250925204843-auto_grown_20250925204843950,204,1608,0.4061,21.66,54.2,2.5,0,0,260028,SPARSE
20260623144224-w046-052,2408,9640,0.9159,20.14,50.4,2.5,0,0,42505520,OK
20260701183127-w046-052,198,514,0.9073,20.02,49.9,2.49,0,0,183726,OK
20250926122938-w082_20250926122938619_flatboi,716,576,0.7454,19.49,48.5,2.49,0,0,613118,OK
20251204060522-w090_20251204060522416_flatboi,654,622,0.6994,19.99,49.6,2.48,0,0,567457,OK
20251115002747-auto_grown_20251115002740308_7_flatboi,614,2819,0.8776,20.03,49.4,2.47,0,0,3033661,OK
20251115002747-auto_grown_20251115002740308_7_flatboi,612,2817,0.8808,20.03,49.4,2.47,0,0,3032561,OK
20260623165742-w120-121,607,1703,0.8778,19.97,49.1,2.46,0,0,1812096,OK
20260623165742-w120-121,609,1705,0.8743,19.97,49.1,2.46,0,0,1812768,OK
20260210000000-w058_2026021020,560,779,0.3823,19.26,46.9,2.43,0,0,332597,SPARSE
20260602204401-5753_-7,995,124,0.5515,20.02,48.6,2.43,0,0,134506,OK
20260108000000-w041_2026010816,631,443,0.3874,19.96,48.3,2.42,0,0,215880,SPARSE
20260603005223-5753_-1,1011,195,0.6821,20.08,48.5,2.42,0,0,267493,OK
20260623165742-w120-121,5157,14469,0.8748,19.96,48.1,2.41,0,0,130524085,OK
20250917143559-w062_20250917143559205_flatboi,631,709,0.8692,20.01,48.0,2.4,0,0,776068,OK
20260219000001-w048_2026021912,714,523,0.2892,20.1,47.5,2.37,0,0,215329,SPARSE
20260119120000-w036_2026011912_flatboi,1468,1217,0.6511,19.83,46.8,2.36,0,0,2322925,OK
20260623142658-w028-037,582,2212,0.9348,19.99,47.0,2.35,0,0,2403285,OK
20260623142658-w028-037,580,2210,0.9386,19.99,47.0,2.35,0,0,2402677,OK
20260115000001-w056_2026011514,359,487,0.8713,19.97,46.8,2.34,0,0,303735,OK
20260623142658-w028-037,4928,18776,0.9352,19.98,46.7,2.34,0,0,173028532,OK
20250926145427-w084_20250926145427439_flatboi,498,604,0.6786,19.96,46.6,2.33,0,0,406913,OK
20260623142658-w028-037,712,2715,0.9069,19.96,46.6,2.33,0,0,3502374,OK
20260623141924-w010-027,564,2129,0.9506,19.98,46.6,2.33,0,0,2279474,OK
20260623141924-w010-027,562,2127,0.9547,19.98,46.6,2.33,0,0,2279169,OK
20260623163339-w110-112,629,2405,0.863,19.95,46.5,2.33,0,0,2607333,OK
20260623163339-w110-112,627,2403,0.8662,19.95,46.5,2.33,0,0,2606497,OK
20250922024644-0500P2-wrap11_0919,82,112,0.5828,18.42,42.8,2.32,0,0,10515,OK
20260108140509-w011_20260108140509268_flatboi,602,225,0.8057,19.9,46.2,2.32,0,0,217189,OK
20251111151836-w069_20251111151836406_flatboi,818,873,0.7872,19.97,46.2,2.31,0,0,1122338,OK
20250919140325-auto_grown_20250919070325767_inp_hr,372,252,0.7459,20.42,47.1,2.31,0,0,139254,OK
20260701183126-w038-045,198,485,0.9037,20.06,46.1,2.3,0,0,172752,OK
20260623142658-w028-037,2320,8840,0.9359,19.98,45.9,2.3,0,0,38374100,OK
20260623141924-w010-027,4775,18070,0.9509,19.97,45.8,2.29,0,0,164073978,OK
20260303000000-w034_2026030317,2430,2370,0.0205,20.37,46.6,2.29,0,0,235049,SPARSE
20250502183421-auto_grown_20250502161744358,159,220,0.5423,20.0,45.6,2.28,0,0,37072,OK
20260108140509-w011_20260108140509268_flatboi,1975,736,0.7977,19.88,45.3,2.28,0,0,2315782,OK
20260623165742-w120-121,2428,6812,0.8752,19.95,45.3,2.27,0,0,28940644,OK
20260108140509-w011_20260108140509268_flatboi,4224,1552,0.5787,19.91,45.2,2.27,0,0,7582179,OK
20260603185441-5753_-6,1010,139,0.6866,20.06,45.4,2.26,0,0,191297,OK
20260623144224-w046-052,739,2961,0.8871,20.14,45.5,2.26,0,0,3877948,OK
20260623141924-w010-027,2248,8508,0.952,19.97,44.9,2.25,0,0,36401218,OK
20260603005223-5753_-1,4044,780,0.6747,20.07,45.0,2.24,0,0,4250672,OK
20260108140509-w011_20260108140509268_flatboi,1453,540,0.7978,19.9,44.3,2.23,0,0,1249454,OK
20260317000000-w035_2026031718,441,311,0.2572,28.66,63.7,2.22,0,0,70156,SPARSE
20250223000000-w059_2025022312,351,487,0.8683,20.02,44.3,2.21,0,0,295915,OK
20260316000000-w036_2026031607,443,312,0.3537,28.27,62.3,2.2,0,0,97307,SPARSE
20231005123336,548,1493,0.8664,19.91,43.8,2.2,0,0,1415484,OK
20260623155240-w092-094,623,2130,0.876,19.98,43.7,2.19,0,0,2321564,OK
20260623155240-w092-094,621,2128,0.8795,19.98,43.7,2.19,0,0,2321039,OK
20260623153216-w081-084,619,2453,0.8958,19.97,43.6,2.18,0,0,2716535,OK
20260623153216-w081-084,621,2455,0.8925,19.97,43.6,2.18,0,0,2717306,OK
20231007101619,808,1665,0.8803,19.96,43.3,2.17,0,0,2365701,OK
20260602225659-5753_0,1003,202,0.6955,20.37,44.1,2.17,0,0,280491,OK
20260123230000-w037_2026012323_flatboi,522,486,0.6637,19.9,43.1,2.16,0,0,335588,OK
20230702185753,677,870,0.6556,20.03,43.3,2.16,0,0,770611,OK
20260603024952-5753_-2,1015,191,0.661,20.05,43.3,2.16,0,0,254892,OK
20260602225659-5753_0,4012,808,0.6889,20.36,43.9,2.16,0,0,4461008,OK
20250108000002-w027_2025010845,1717,1663,0.0394,19.94,43.0,2.16,0,0,224380,SPARSE
20260623155240-w092-094,5276,18079,0.8765,19.97,43.0,2.15,0,0,167179407,OK
20260206000001-w047_2026020613,698,509,0.3053,19.95,42.9,2.15,0,0,216230,SPARSE
20260603145540-5753_-4,1022,154,0.7482,20.04,43.0,2.15,0,0,234087,OK
20260623153216-w081-084,5259,20841,0.8929,19.96,42.8,2.15,0,0,195686445,OK
20260602225659-5753_0,1231,248,0.4231,20.37,43.5,2.14,0,0,257336,SPARSE
20260623163339-w110-112,2508,9612,0.8638,19.94,42.6,2.14,0,0,41630708,OK
20260203210000-w040_2026020321_flatboi,528,486,0.6181,19.9,42.4,2.13,0,0,315980,OK
20260623152443-w077-080,617,2316,0.8967,19.97,42.5,2.13,0,0,2559104,OK
20260623152443-w077-080,615,2314,0.9001,19.97,42.5,2.13,0,0,2558047,OK
20260623152443-w077-080,5225,19659,0.8971,19.96,42.5,2.13,0,0,184260144,OK
20260123230000-w037_2026012323_flatboi,1261,1167,0.659,19.87,42.2,2.12,0,0,1936739,OK
20260603190005-5753_-5,1015,144,0.726,20.03,42.5,2.12,0,0,210762,OK
20251109232817-w065_20251109232817724_flatboi,814,766,0.7326,20.02,42.4,2.12,0,0,911834,OK
20250926203608-auto_grown_20250926203608932,228,1248,0.3543,21.46,45.3,2.11,0,0,197034,SPARSE
20260623151041-w069-072,616,2075,0.8982,19.95,42.1,2.11,0,0,2292762,OK
20260623151041-w069-072,614,2073,0.9019,19.95,42.1,2.11,0,0,2292579,OK
20260623153216-w081-084,2476,9812,0.8933,19.96,42.0,2.11,0,0,43386752,OK
20260623151041-w069-072,5217,17612,0.8988,19.94,41.9,2.1,0,0,165132482,OK
20260623155240-w092-094,2484,8512,0.877,19.97,41.8,2.09,0,0,37070848,OK
20250925161630-auto_grown_20250925161630635,240,954,0.3991,21.5,45.0,2.09,0,0,178620,SPARSE
20260130000000-w031_2026013019,2217,2159,0.0244,19.85,41.5,2.09,0,0,232748,SPARSE
20260603042357-5753_-3,1036,168,0.7191,20.04,41.6,2.08,0,0,248916,OK
20250930083742-auto_grown_20250930083742882,252,1032,0.3718,21.59,44.8,2.08,0,0,188731,SPARSE
20250929040153-auto_grown_20250929040153260,162,570,0.4478,21.68,45.0,2.08,0,0,80664,SPARSE
20250108000003-w028_2025010836,1807,1752,0.0359,19.68,40.6,2.06,0,0,226293,SPARSE
20260203000000-w032_2026020303,2393,2334,0.0213,19.92,41.1,2.06,0,0,237778,SPARSE
20260602204401-5753_-7,990,144,0.4656,20.01,41.2,2.06,0,0,131152,SPARSE
20260623162614-w107-109,628,2368,0.8648,19.96,41.1,2.06,0,0,2568447,OK
20260623162614-w107-109,626,2366,0.868,19.96,41.1,2.06,0,0,2567607,OK
20260623151041-w069-072,2456,8292,0.8993,19.94,41.0,2.06,0,0,36616406,OK
20250917143559-w062_20250917143559205_flatboi,630,687,0.8935,20.0,41.1,2.06,0,0,771779,OK
20251203230500-w089_20251203230500465_flatboi,660,624,0.691,19.97,41.0,2.05,0,0,567551,OK
20250223000000-w059_2025022312,1404,1948,0.8628,20.01,41.1,2.05,0,0,4715792,OK
20260623141924-w010-027,689,2613,0.9216,19.97,40.9,2.05,0,0,3314503,OK
20250108000004-w029_2025010827,1940,1884,0.0313,19.73,40.4,2.05,0,0,227765,SPARSE
20260623152443-w077-080,2460,9256,0.8975,19.95,40.9,2.05,0,0,40855548,OK
20231016151002,504,798,0.8373,19.96,40.8,2.04,0,0,671969,OK
20260123230000-w037_2026012323_flatboi,3665,3353,0.5756,19.9,40.5,2.03,0,0,14137086,OK
20260602204401-5753_-7,8412,1223,0.2872,20.06,40.7,2.03,0,0,5902301,SPARSE
20260603024952-5753_-2,4060,764,0.6537,20.04,40.7,2.03,0,0,4050040,OK
20260701183124-w010-027,1070,2611,0.6547,20.0,40.5,2.03,0,0,3654450,OK
20260623163339-w110-112,769,2952,0.8363,19.94,40.4,2.03,0,0,3792631,OK
20250926150345-w086_20250926150345176_flatboi,623,485,0.866,19.99,40.5,2.02,0,0,521911,OK
20231031143852,532,680,0.8391,19.93,40.3,2.02,0,0,605783,OK
20251110135146-w085_20251110135146457_flatboi,633,471,0.884,19.96,40.4,2.02,0,0,525748,OK
20250926165636-auto_trace_20250926165636789,228,1392,0.3976,21.65,43.7,2.02,0,0,246780,SPARSE
20260602204401-5753_-7,3960,576,0.4544,20.0,40.3,2.01,0,0,2066796,SPARSE
20251114202035-w081_20251114202035261_flatboi,591,580,0.7455,19.97,40.0,2.0,0,0,509600,OK
20260623152443-w077-080,755,2843,0.871,19.95,39.9,2.0,0,0,3735010,OK
20251111210734-w070_20251111210734722_flatboi,645,771,0.8983,20.0,39.8,1.99,0,0,891905,OK
20260623161233-w101-103,618,2290,0.8726,19.99,39.7,1.99,0,0,2466133,OK
20260623161233-w101-103,616,2288,0.8759,19.99,39.7,1.99,0,0,2465415,OK
20250919184434-0500P2-wrap07_0919,110,100,0.7841,19.74,39.1,1.98,0,0,17022,OK
20260623155914-w095-097,620,2193,0.8771,19.99,39.4,1.97,0,0,2381782,OK
20260623155914-w095-097,622,2195,0.8737,19.99,39.4,1.97,0,0,2382204,OK
20260603185441-5753_-6,999,172,0.55,20.05,39.5,1.97,0,0,187532,OK
20250108000005-w030_2025010818,2090,2033,0.027,19.82,38.8,1.96,0,0,228556,SPARSE
20260701183132-w073-076,212,459,0.8487,19.92,39.0,1.96,0,0,164270,OK
20260603190005-5753_-5,1009,163,0.6336,20.01,38.9,1.95,0,0,206933,OK
20260603185441-5753_-6,3996,688,0.5413,20.04,39.0,1.95,0,0,2970736,OK
20260603190005-5753_-5,8573,1385,0.3869,20.0,38.8,1.94,0,0,9181269,SPARSE
20260623162614-w107-109,2504,9464,0.8656,19.95,38.6,1.94,0,0,41009650,OK
20260602204401-5753_-7,1215,177,0.2799,20.04,38.8,1.93,0,0,119353,SPARSE
20231106155351,533,788,0.8986,19.99,38.6,1.93,0,0,753400,OK
20260623161233-w101-103,2464,9152,0.8734,19.98,38.5,1.93,0,0,39376438,OK
20260603005223-5753_-1,1240,240,0.4169,20.04,38.6,1.92,0,0,247079,SPARSE
20260123230000-w037_2026012323_flatboi,1713,1589,0.6591,19.89,38.2,1.92,0,0,3584448,OK
20260623154617-w089-091,622,2058,0.8777,19.97,38.3,1.92,0,0,2243592,OK
20260623154617-w089-091,620,2056,0.8812,19.97,38.3,1.92,0,0,2243346,OK
20260623155914-w095-097,2480,8772,0.8746,19.97,38.3,1.92,0,0,38040560,OK
20231210121321,793,626,0.8604,19.97,38.3,1.92,0,0,852542,OK
20251223230000-w031_2025122323_flatboi,577,502,0.7527,19.9,38.0,1.91,0,0,434718,OK
20260603190005-5753_-5,4036,652,0.6246,20.0,38.1,1.91,0,0,3281272,OK
20250919124722-auto_grown_20250919054722721_inp_hr,372,270,0.6652,20.38,38.8,1.9,0,0,133014,OK
20260623164704-w116-117,620,1678,0.8591,19.95,37.9,1.9,0,0,1784717,OK
20260623164704-w116-117,618,1676,0.8625,19.95,37.9,1.9,0,0,1784121,OK
20260623165230-w118-119,615,1692,0.8657,19.95,37.8,1.9,0,0,1798956,OK
20260623165230-w118-119,613,1690,0.8691,19.95,37.8,1.9,0,0,1798029,OK
20260126000000-w045_2026012619,291,401,0.8916,20.03,38.0,1.9,0,0,207342,OK
20260325000000-w046_20260325,291,402,0.8921,20.01,37.8,1.89,0,0,207977,OK
20260325000000-w046_20260325,1168,1613,0.8488,20.01,37.7,1.88,0,0,3195345,OK
20260603145540-5753_-4,1013,179,0.6412,20.02,37.7,1.88,0,0,231062,OK
20260623164704-w116-117,5251,14239,0.8596,19.94,37.4,1.88,0,0,128514345,OK
20260623154617-w089-091,5268,17468,0.8781,19.96,37.4,1.88,0,0,161586292,OK
20251106133152-w077_20251106133152767_flatboi,797,590,0.7052,19.9,37.3,1.87,0,0,661511,OK
20260226113324-auto_grown_20260226113324624_abf,151,181,0.514,77.96,145.4,1.87,0,0,27750,OK
20260623165742-w120-121,745,2092,0.8477,19.94,37.2,1.86,0,0,2639179,OK
20260623151041-w069-072,753,2547,0.8725,19.94,37.0,1.86,0,0,3342826,OK
20251111210734-w070_20251111210734722_flatboi,646,749,0.9195,20.01,37.2,1.86,0,0,888216,OK
20260623153216-w081-084,760,3014,0.8671,19.94,37.0,1.86,0,0,3967840,OK
20260623165230-w118-119,5208,14358,0.8661,19.94,37.0,1.85,0,0,129509017,OK
20251109232817-w065_20251109232817724_flatboi,759,743,0.8062,20.02,37.0,1.85,0,0,907539,OK
20260623164141-w113-115,627,2454,0.8609,19.97,36.9,1.85,0,0,2645434,OK
20260623164141-w113-115,625,2452,0.8619,19.97,36.9,1.85,0,0,2638043,OK
20260603145540-5753_-4,4052,716,0.6331,20.01,36.8,1.84,0,0,3667868,OK
20260623161921-w104-106,625,2328,0.867,19.98,36.7,1.84,0,0,2519182,OK
20260623155914-w095-097,761,2694,0.8476,19.97,36.6,1.84,0,0,3471598,OK
20260623161921-w104-106,623,2326,0.868,19.98,36.7,1.84,0,0,2511991,OK
20260623164141-w113-115,5310,20832,0.8591,19.96,36.6,1.83,0,0,190041294,OK
20260205070000-w041_2026020507_flatboi,517,469,0.5462,19.85,36.4,1.83,0,0,263694,OK
20250502205333-auto_grown_20250502181030065,129,186,0.6117,20.0,36.6,1.83,0,0,28761,OK
20260701183128-w053-058,193,488,0.9381,20.46,37.4,1.83,0,0,175811,OK
20251204060522-w090_20251204060522416_flatboi,643,609,0.7217,20.0,36.6,1.83,0,0,563672,OK
20260325000000-w046_20260325,1164,1608,0.8858,20.0,36.6,1.83,0,0,3312776,OK
20260623155240-w092-094,762,2614,0.8504,19.97,36.5,1.83,0,0,3383774,OK
20260623161921-w104-106,2492,9304,0.8655,19.97,36.5,1.83,0,0,40121530,OK
20250925212701-auto_grown_20250925212701145,198,372,0.4701,21.69,39.6,1.82,0,0,67398,SPARSE
20260126000000-w045_2026012619,1168,1609,0.8484,20.03,36.5,1.82,0,0,3185781,OK
20251001060526-auto_grown_20251001060526760,228,1266,0.3525,21.57,39.2,1.82,0,0,198714,SPARSE
20260623154006-w085-088,624,2587,0.8844,19.98,36.3,1.81,0,0,2851163,OK
20260623154006-w085-088,622,2585,0.8875,19.98,36.3,1.81,0,0,2849988,OK
20251110135803-w067_20251110135803677_flatboi,658,766,0.8984,20.02,36.2,1.81,0,0,904064,OK
20250926145427-w084_20250926145427439_flatboi,483,601,0.6983,19.96,36.1,1.81,0,0,404056,OK
20250919125754-auto_grown_20250919055754487_inp_hr,360,294,0.8212,20.42,36.7,1.8,0,0,173208,OK
20260220214732-auto_grown_20260220144552896,232,236,0.6763,19.91,35.8,1.8,0,0,73535,OK
20260623154006-w085-088,5285,21962,0.8846,19.97,35.8,1.79,0,0,205313350,OK
20260623164141-w113-115,767,3013,0.8322,19.94,35.7,1.79,0,0,3842186,OK
20260623164141-w113-115,2500,9808,0.8595,19.96,35.7,1.79,0,0,42136662,OK
20250902170447--3_b2,177,135,0.6899,19.92,35.4,1.78,0,0,32652,OK
20260623141135-w046-052_jordi,605,2402,0.9175,19.97,35.5,1.78,0,0,2662945,OK
20260623141135-w046-052_jordi,603,2399,0.9213,19.97,35.5,1.78,0,0,2661796,OK
20260623154617-w089-091,2480,8224,0.8787,19.96,35.4,1.78,0,0,35828276,OK
20260623141135-w046-052_jordi,5123,20382,0.9183,19.96,35.4,1.78,0,0,191733393,OK
20260701183130-w064-068,195,507,0.9213,19.9,35.2,1.77,0,0,181292,OK
20260623164704-w116-117,758,2059,0.8328,19.93,35.3,1.77,0,0,2596293,OK
20251112000002-w087_20251112000002214_flatboi,625,479,0.8678,20.01,35.4,1.77,0,0,518208,OK
20260126000000-w045_2026012619,1164,1604,0.8852,20.02,35.3,1.76,0,0,3302604,OK
20260701183124-w010-027,184,448,0.9517,19.9,35.1,1.76,0,0,156129,OK
20260623165230-w118-119,2452,6760,0.8665,19.94,35.0,1.76,0,0,28716148,OK
20250928235953-auto_grown_20250928235953722,246,2670,0.3805,21.58,37.9,1.75,0,0,489102,SPARSE
20260623141135-w046-052_jordi,2412,9596,0.9187,19.96,35.0,1.75,0,0,42514502,OK
20260623164704-w116-117,2472,6704,0.86,19.94,34.9,1.75,0,0,28493546,OK
20250919124917-auto_grown_20250919054917419_inp_hr,350,189,0.7842,20.02,35.0,1.75,0,0,103191,OK
20250919130642-auto_grown_20250919060642061,354,270,0.6526,20.53,35.9,1.75,0,0,122604,OK
20260623154006-w085-088,2488,10340,0.885,19.97,34.9,1.75,0,0,45519052,OK
20260623141135-w046-052_jordi,740,2948,0.89,19.96,34.8,1.74,0,0,3878619,OK
20260623150417-w064-068,130,505,0.8995,20.05,34.8,1.74,0,0,117369,OK
20251110135146-w085_20251110135146457_flatboi,632,484,0.8552,19.97,34.5,1.73,0,0,521802,OK
20250108000001-w026_2025010854,362,356,0.8647,19.99,34.5,1.73,0,0,222071,OK
20260623161233-w101-103,756,2811,0.8458,19.97,34.4,1.72,0,0,3590956,OK
20240828190516-20240716140050,138,1266,0.772,19.85,34.0,1.71,0,0,268252,OK
20260203210000-w040_2026020321_flatboi,535,482,0.6103,19.86,33.9,1.71,0,0,313556,OK
20260603042357-5753_-3,1017,186,0.6513,20.02,34.1,1.7,0,0,244974,OK
20250919124917-auto_grown_20250919054917419_inp_hr,1260,680,0.7761,20.03,33.8,1.69,0,0,1327994,OK
20251208130119-w028_20251208130119156_flatboi,577,467,0.8516,19.95,33.5,1.68,0,0,457723,OK
20260623154617-w089-091,761,2526,0.8523,19.95,33.5,1.68,0,0,3272753,OK
20250919123506-auto_grown_20250919053506178_inp_hr,372,306,0.721,20.31,34.1,1.68,0,0,163500,OK
20260203210000-w040_2026020321_flatboi,3756,3327,0.5357,19.9,33.4,1.68,0,0,13379821,OK
20250920020222-0500P2-wrap10_0919,108,73,0.8201,19.71,32.9,1.67,0,0,12750,OK
20260603145540-5753_-4,8607,1521,0.3921,20.03,33.4,1.67,0,0,10257666,SPARSE
20251204071911-w091_20251204071911070_flatboi,652,621,0.7003,19.98,33.3,1.67,0,0,565588,OK
20260623161921-w104-106,764,2858,0.8379,19.96,33.3,1.67,0,0,3655006,OK
20260701183125-w028-037,189,461,0.9397,20.13,33.4,1.66,0,0,162970,OK
20250825181922-1,318,185,0.6777,19.9,33.0,1.66,0,0,79210,OK
20260603042357-5753_-3,4068,744,0.6438,20.01,33.1,1.65,0,0,3891144,OK
20260220213127-w00,211,238,0.7334,20.0,33.0,1.65,0,0,73166,OK
20260203210000-w040_2026020321_flatboi,1756,1576,0.6057,19.85,32.8,1.65,0,0,3348817,OK
20260623160554-w098-100,619,2247,0.8724,19.98,32.9,1.65,0,0,2423185,OK
20260623160554-w098-100,617,2245,0.8757,19.98,32.9,1.65,0,0,2422475,OK
20260623162614-w107-109,768,2907,0.8379,19.94,32.8,1.64,0,0,3736992,OK
20250108000001-w026_2025010854,1448,1424,0.8585,19.98,32.8,1.64,0,0,3537192,OK
20250919131352-auto_grown_20250919061352722_inp_hr,382,285,0.775,20.04,32.8,1.64,0,0,168016,OK
20250919131352-auto_grown_20250919061352722_inp_hr,1376,1026,0.7683,20.04,32.8,1.64,0,0,2166829,OK
20250628074500-500P2_front,679,386,0.6396,20.0,32.7,1.64,0,0,334059,OK
20251113130119-w073_20251113130119516_flatboi,633,779,0.8926,20.0,32.7,1.64,0,0,878787,OK
20251212185248-w029_20251212185248662_flatboi,586,483,0.8433,19.9,32.5,1.63,0,0,476085,OK
20260110010000-w033_2026011001_flatboi,555,492,0.7263,19.92,32.5,1.63,0,0,395390,OK
20260206000000-w042_2026020613,291,383,0.8887,20.02,32.6,1.63,0,0,197389,OK
20250628074500-500P2_front,1322,753,0.635,19.98,32.4,1.62,0,0,1261892,OK
20260603145540-5753_-4,1243,220,0.3818,20.01,32.4,1.62,0,0,207776,SPARSE
20260603190005-5753_-5,1238,200,0.3764,19.99,32.3,1.62,0,0,185349,SPARSE
20251203230500-w089_20251203230500465_flatboi,646,611,0.7156,19.98,32.3,1.62,0,0,563343,OK
20260220214732-auto_grown_20260220144552896,904,920,0.658,19.89,32.1,1.62,0,0,1092641,OK
20251206103305-w012_20251206103305555_flatboi,600,240,0.8187,19.94,32.1,1.61,0,0,234708,OK
20260206000000-w042_2026020613,2476,3259,0.7593,20.03,32.2,1.61,0,0,12247765,OK
20251206103305-w012_20251206103305555_flatboi,610,256,0.765,19.93,32.1,1.61,0,0,237871,OK
20260623160554-w098-100,2468,8980,0.8732,19.97,32.1,1.61,0,0,38691422,OK
20260302000000-w039_2026030210,416,375,0.6379,19.98,32.1,1.61,0,0,198143,OK
20260623154006-w085-088,763,3176,0.859,19.96,32.1,1.61,0,0,4158589,OK
20250925182632-auto_grown_20250925182632715,234,1104,0.3667,21.58,34.6,1.6,0,0,185625,SPARSE
20251107110950-w064_20251107110950052_flatboi,671,770,0.8922,20.01,32.0,1.6,0,0,920350,OK
20251207123912-w060_20251207123912611_flatboi,546,604,0.8747,19.99,31.9,1.6,0,0,575577,OK
20251114202035-w081_20251114202035261_flatboi,588,571,0.7554,19.98,31.9,1.59,0,0,505749,OK
20250919184431-0500P2-wrap04_0919,144,106,0.7664,19.88,31.6,1.59,0,0,23136,OK
20251204071911-w091_20251204071911070_flatboi,639,608,0.7248,19.98,31.8,1.59,0,0,561641,OK
20260203210000-w040_2026020321_flatboi,1292,1158,0.6053,19.81,31.5,1.59,0,0,1808339,OK
20260623160554-w098-100,757,2758,0.846,19.97,31.7,1.59,0,0,3528733,OK
20260206000000-w042_2026020613,1168,1537,0.8424,20.02,31.8,1.59,0,0,3021921,OK
20251206103305-w012_20251206103305555_flatboi,1449,576,0.8113,19.93,31.6,1.58,0,0,1351720,OK
20251107175958-w061_20251107175958270_flatboi,598,654,0.8813,19.99,31.6,1.58,0,0,687909,OK
20251107063327-w063_20251107063327215_flatboi,643,726,0.885,20.01,31.6,1.58,0,0,824649,OK
20260701183131-w069-072,194,435,0.9214,19.91,31.4,1.58,0,0,154746,OK
20260302000000-w039_2026030210,3539,3191,0.5378,19.99,31.5,1.58,0,0,12141242,OK
20251206103305-w012_20251206103305555_flatboi,1969,785,0.8113,19.92,31.4,1.58,0,0,2504610,OK
20251210160810-w057_20251210160810301_flatboi,546,667,0.8928,20.01,31.4,1.57,0,0,648979,OK
20251110135803-w067_20251110135803677_flatboi,657,743,0.9226,20.04,31.4,1.57,0,0,899114,OK
20251113130119-w073_20251113130119516_flatboi,636,757,0.9104,20.01,31.3,1.57,0,0,875053,OK
20251220020000-w030_2025122002_flatboi,586,487,0.8433,19.94,31.2,1.56,0,0,479977,OK
20250919135915-auto_grown_20250919065915092_inp_hr,336,282,0.7068,20.36,31.7,1.56,0,0,133350,OK
20260302000000-w039_2026030210,1664,1500,0.6323,19.97,31.1,1.56,0,0,3152900,OK
20260220000000-w053_2026022021,1453,2022,0.7149,19.99,31.1,1.55,0,0,4197053,OK
20260206000000-w042_2026020613,1164,1532,0.8823,20.01,31.1,1.55,0,0,3144064,OK
20231022170901,334,1783,0.897,20.0,31.0,1.55,0,0,1065842,OK
20250922024644-0500P2-wrap11_0919,77,112,0.5958,20.14,31.1,1.55,0,0,10081,OK
20251113152136-w074_20251113152136889_flatboi,629,775,0.897,20.0,30.9,1.54,0,0,872981,OK
20260302000000-w039_2026030210,1670,1504,0.5957,19.99,30.8,1.54,0,0,2989516,OK
20251212185248-w029_20251212185248662_flatboi,579,479,0.8551,19.89,30.6,1.54,0,0,473037,OK
20260227000000-w052_2026022705,1501,1906,0.7029,19.98,30.7,1.53,0,0,4018736,OK
20251210153304-w058_20251210153304503_flatboi,547,673,0.8974,20.0,30.6,1.53,0,0,659377,OK
20251212185248-w029_20251212185248662_flatboi,1900,1566,0.8505,19.88,30.4,1.53,0,0,5057324,OK
20240711124827-20240618142020,126,1286,0.8175,19.95,30.5,1.53,0,0,263413,OK
20230929220926,492,1164,0.8676,19.98,30.3,1.52,0,0,991595,OK
20251112163527-w071_20251112163527854_flatboi,641,776,0.8952,20.02,30.4,1.52,0,0,889007,OK
20250902171202--2_b2,177,116,0.7127,19.69,29.8,1.51,0,0,28957,OK
20251223230000-w031_2025122323_flatboi,571,492,0.7689,19.9,30.1,1.51,0,0,430710,OK
20251223230000-w031_2025122323_flatboi,1379,1181,0.7641,19.87,30.0,1.51,0,0,2485593,OK
20250922024644-0500P2-wrap11_0919,150,218,0.5711,20.07,30.3,1.51,0,0,36982,OK
20260210000000-w058_2026021020,365,480,0.8691,19.99,30.1,1.51,0,0,303553,OK
20260603185441-5753_-6,8488,1461,0.3358,20.02,30.1,1.5,0,0,8321051,SPARSE
20251212185248-w029_20251212185248662_flatboi,1398,1150,0.8504,19.86,29.8,1.5,0,0,2731499,OK
20260603193311-5753_-1_copy,1008,211,0.5381,20.07,30.1,1.5,0,0,226902,OK
20251107110950-w064_20251107110950052_flatboi,671,747,0.9151,20.02,30.0,1.5,0,0,915680,OK
20260603042357-5753_-3,8642,1580,0.3991,20.03,30.0,1.5,0,0,10891839,SPARSE
20230929220926,1604,3790,0.8639,19.97,29.9,1.5,0,0,10496696,OK
20260210000000-w058_2026021020,1460,1920,0.8635,19.99,29.9,1.49,0,0,4837580,OK
20251112000002-w087_20251112000002214_flatboi,621,481,0.8638,20.02,29.9,1.49,0,0,514694,OK
20260623165230-w118-119,752,2076,0.8391,19.93,29.7,1.49,0,0,2616883,OK
20251210142414-w059_20251210142414060_flatboi,473,675,0.9037,19.99,29.8,1.49,0,0,575837,OK
20251111010954-w068_20251111010954408_flatboi,655,769,0.8969,20.01,29.7,1.49,0,0,901970,OK
20250108000002-w027_2025010845,356,355,0.8492,20.01,29.7,1.48,0,0,213865,OK
20260210000000-w058_2026021020,375,494,0.8615,19.98,29.6,1.48,0,0,318198,OK
20250925222237-auto_grown_20250925222237459,186,630,0.4484,21.45,31.8,1.48,0,0,102780,SPARSE
20250825181907-0,315,177,0.6985,19.87,29.3,1.48,0,0,77378,OK
20250825181922-1,319,183,0.6719,20.07,29.6,1.47,0,0,77916,OK
20231012184424,779,1163,0.8969,20.0,29.5,1.47,0,0,1622874,OK
20251113021010-w072_20251113021010674_flatboi,636,777,0.8939,20.01,29.5,1.47,0,0,881908,OK
20250920020223-0500P2-wrap12_0919,100,79,0.8437,19.76,29.1,1.47,0,0,13144,OK
20231012184424,5395,8042,0.8944,19.99,29.4,1.47,0,0,77597916,OK
20251223230000-w031_2025122323_flatboi,4007,3395,0.5828,19.91,29.3,1.47,0,0,15845675,OK
20260108000000-w041_2026010816,301,390,0.8827,20.02,29.4,1.47,0,0,206490,OK
20250919184429-0500P2-wrap02_0919,45,62,0.6351,19.21,28.2,1.47,0,0,3438,OK
20260603193311-5753_-1_copy,4032,844,0.5287,20.06,29.4,1.46,0,0,3590208,OK
20250919184433-0500P2-wrap06_0919,104,104,0.8086,19.79,29.0,1.46,0,0,17268,OK
20260325000000-w046_20260325,299,413,0.8833,20.01,29.2,1.46,0,0,217383,OK
20260215000000-w024_2026021572,345,322,0.831,19.99,29.1,1.46,0,0,183878,OK
20231012184424,2540,3786,0.8944,19.99,29.0,1.45,0,0,17194443,OK
20251223230000-w031_2025122323_flatboi,1874,1609,0.7643,19.88,28.8,1.45,0,0,4604656,OK
20260112000000-w043_2026011217,297,395,0.8913,20.0,29.0,1.45,0,0,208367,OK
20250919131642-auto_grown_20250919061642215_inp_hr,336,198,0.6336,20.33,29.5,1.45,0,0,83802,OK
20250108000001-w026_2025010854,3080,3030,0.627,19.98,29.0,1.45,0,0,11698069,OK
20260110010000-w033_2026011001_flatboi,550,483,0.7417,19.89,28.7,1.44,0,0,392789,OK
20260110010000-w033_2026011001_flatboi,3860,3332,0.5705,19.89,28.7,1.44,0,0,14665577,OK
20250108000001-w026_2025010854,1453,1428,0.6887,19.98,28.8,1.44,0,0,2855371,OK
20260603185441-5753_-6,211,36,0.5405,20.0,28.9,1.44,0,0,7915,OK
20260306000001-w051_2026030600,1477,1874,0.7168,19.96,28.8,1.44,0,0,3964652,OK
20250825181922-1,1242,713,0.6629,20.07,29.0,1.44,0,0,1171984,OK
20251211111451-w055_20251211111451620_flatboi,538,650,0.8919,20.01,28.8,1.44,0,0,622514,OK
20260126000000-w045_2026012619,299,412,0.8827,20.03,28.8,1.44,0,0,216726,OK
20231005123336,535,1494,0.8775,19.99,28.7,1.44,0,0,1400377,OK
20260110010000-w033_2026011001_flatboi,1805,1579,0.737,19.88,28.6,1.44,0,0,4196879,OK
20251205115859-w094_20251205115859448_flatboi,571,530,0.6969,20.0,28.7,1.44,0,0,420537,OK
20260603185441-5753_-6,1225,211,0.3268,20.01,28.7,1.43,0,0,167849,SPARSE
20251211095724-w056_20251211095724922_flatboi,541,660,0.8927,20.02,28.7,1.43,0,0,636216,OK
20251211135303-w054_20251211135303394_flatboi,532,640,0.8926,20.03,28.7,1.43,0,0,606581,OK
20250902170435--5_b2,168,123,0.6785,19.84,28.4,1.43,0,0,27743,OK
20250919184435-0500P2-wrap08_0919,110,101,0.7882,19.73,28.1,1.43,0,0,17287,OK
20260603024952-5753_-2,8624,1623,0.4066,20.04,28.6,1.42,0,0,11375302,SPARSE
20251028225813-auto_grown_20251028225813045,138,151,0.3178,20.1,28.6,1.42,0,0,13081,SPARSE
20251107175958-w061_20251107175958270_flatboi,602,634,0.8987,19.99,28.4,1.42,0,0,684513,OK
20260110010000-w033_2026011001_flatboi,1328,1160,0.737,19.86,28.2,1.42,0,0,2267611,OK
20250825181934-3,304,163,0.6213,19.86,28.1,1.42,0,0,61105,OK
20260127000000-w057_2026012713,3140,4051,0.6393,19.98,28.3,1.42,0,0,16258303,OK
20251113204233-w075_20251113204233755_flatboi,623,773,0.9007,20.02,28.3,1.41,0,0,866057,OK
20251210142414-w059_20251210142414060_flatboi,476,660,0.9129,20.0,28.3,1.41,0,0,572313,OK
20251107063327-w063_20251107063327215_flatboi,642,704,0.9086,20.03,28.3,1.41,0,0,819707,OK
20250919135433-auto_grown_20250919065433578_inp_hr,352,344,0.7671,19.99,28.2,1.41,0,0,185055,OK
20260205070000-w041_2026020507_flatboi,521,467,0.5385,19.82,28.0,1.41,0,0,260872,OK
20260205070000-w041_2026020507_flatboi,3658,3224,0.4854,19.84,28.0,1.41,0,0,11441010,SPARSE
20260205070000-w041_2026020507_flatboi,1710,1527,0.5353,19.8,27.9,1.41,0,0,2792040,OK
20260603193311-5753_-1_copy,8565,1793,0.3375,20.04,28.2,1.41,0,0,10358677,SPARSE
20260220213127-w00,823,928,0.7146,19.96,28.1,1.41,0,0,1089767,OK
20250919135433-auto_grown_20250919065433578_inp_hr,1268,1238,0.7614,19.99,28.1,1.41,0,0,2387951,OK
20260108000000-w041_2026010816,1204,1560,0.8763,20.01,28.1,1.4,0,0,3288956,OK
20231221180251,490,646,0.9109,20.0,28.1,1.4,0,0,575337,OK
20240304161941-w023_20240304161941_flatboi,640,1567,0.9144,20.03,28.1,1.4,0,0,1831602,OK
20240304161941-w023_20240304161941_flatboi,638,1565,0.9183,20.03,28.1,1.4,0,0,1831376,OK
20260311000000-w023_202603112281,337,310,0.8367,20.02,28.0,1.4,0,0,174103,OK
20250502182456-auto_grown_20250502161202782,160,232,0.5384,20.01,28.0,1.4,0,0,39128,OK
20251205115859-w094_20251205115859448_flatboi,563,520,0.7154,20.01,28.0,1.4,0,0,417630,OK
20231221180251,3394,4467,0.9067,19.99,27.9,1.4,0,0,27484787,OK
20260302000001-w050_2026030220,258,189,0.8958,20.01,27.9,1.4,0,0,86885,OK
20231221180251,1598,2103,0.9067,19.99,27.9,1.4,0,0,6089845,OK
20251212105627-w052_20251212105627148_flatboi,528,621,0.8918,20.03,28.0,1.4,0,0,583588,OK
20231005123336,1744,4864,0.8745,19.98,27.9,1.39,0,0,14829664,OK
20250919184430-0500P2-wrap03_0919,65,86,0.5338,19.79,27.6,1.39,0,0,5819,OK
20240304161941-w023_20240304161941_flatboi,2093,5118,0.9159,20.02,27.8,1.39,0,0,19615075,OK
20260127000000-w057_2026012713,1481,1910,0.6982,19.97,27.8,1.39,0,0,3946458,OK
20240304144031-w018_20240304144031_flatboi,648,1502,0.9275,20.01,27.8,1.39,0,0,1802915,OK
20240304144031-w018_20240304144031_flatboi,646,1500,0.9315,20.01,27.8,1.39,0,0,1802641,OK
20240304161941-w023_20240304161941_flatboi,1541,3756,0.9159,20.02,27.8,1.39,0,0,10596934,OK
20260220000000-w053_2026022021,3080,4289,0.6509,20.0,27.7,1.39,0,0,17189446,OK
20230702185753,776,559,0.8792,20.01,27.7,1.39,0,0,760920,OK
20250223000000-w059_2025022312,2986,4144,0.6384,20.02,27.7,1.39,0,0,15792492,OK
20251113204233-w075_20251113204233755_flatboi,629,751,0.9135,20.03,27.7,1.39,0,0,861534,OK
20260302000001-w050_2026030220,2195,1608,0.7995,20.01,27.7,1.38,0,0,5639948,OK
20230702185753,2530,1820,0.875,20.0,27.7,1.38,0,0,8052738,OK
20260215000000-w024_2026021572,2935,2740,0.5957,19.98,27.6,1.38,0,0,9575827,OK
20230702185753,5374,3865,0.875,20.01,27.6,1.38,0,0,36334887,OK
20251207123912-w060_20251207123912611_flatboi,550,578,0.8998,20.01,27.6,1.38,0,0,570739,OK
20260205070000-w041_2026020507_flatboi,1259,1121,0.5354,19.79,27.3,1.38,0,0,1508550,OK
20251220020000-w030_2025122002_flatboi,576,485,0.8561,19.92,27.4,1.38,0,0,477040,OK
20250920020224-0500P2-wrap13_0919,97,76,0.8444,19.79,27.1,1.37,0,0,12264,OK
20260112000000-w043_2026011217,1188,1580,0.8849,19.99,27.4,1.37,0,0,3318928,OK
20260219000000-w033_2026021913,345,373,0.8712,20.01,27.4,1.37,0,0,223476,OK
20251220020000-w030_2025122002_flatboi,1890,1586,0.8516,19.91,27.2,1.37,0,0,5101237,OK
20250902170441--4_b2,170,127,0.6574,19.82,27.1,1.37,0,0,28082,OK
20251220020000-w030_2025122002_flatboi,4043,3346,0.6055,19.89,27.2,1.37,0,0,16372941,OK
20240304144031-w018_20240304144031_flatboi,1560,3600,0.9288,20.0,27.3,1.36,0,0,10426585,OK
20250108000001-w026_2025010854,372,366,0.8565,19.99,27.2,1.36,0,0,232426,OK
20260302000001-w050_2026030220,1035,758,0.8818,20.01,27.3,1.36,0,0,1381760,OK
20260115000000-w044_2026011522,294,397,0.8973,20.01,27.3,1.36,0,0,208716,OK
20260219000001-w048_2026021912,278,414,0.9001,20.03,27.2,1.36,0,0,206464,OK
20250919184432-0500P2-wrap05_0919,110,124,0.7825,19.74,26.8,1.36,0,0,21102,OK
20251208130119-w028_20251208130119156_flatboi,1871,1517,0.8575,19.95,27.1,1.36,0,0,4863586,OK
20251220020000-w030_2025122002_flatboi,1391,1165,0.8515,19.88,27.0,1.36,0,0,2756743,OK
20251211135303-w054_20251211135303394_flatboi,530,626,0.9111,20.03,27.2,1.36,0,0,603233,OK
20251208130119-w028_20251208130119156_flatboi,570,464,0.862,19.95,27.1,1.36,0,0,454762,OK
20250825181922-1,638,366,0.6628,20.06,27.3,1.36,0,0,308510,OK
20240304144031-w018_20240304144031_flatboi,2119,4905,0.9289,20.0,27.2,1.36,0,0,19301514,OK
20250825181859--1,317,176,0.699,19.94,27.1,1.36,0,0,77462,OK
20251210153304-w058_20251210153304503_flatboi,546,660,0.912,20.01,27.2,1.36,0,0,655930,OK
20251212185248-w029_20251212185248662_flatboi,4063,3305,0.6045,19.88,27.0,1.36,0,0,16224707,OK
20231007101619,798,1661,0.8839,19.99,27.1,1.35,0,0,2340295,OK
20250223000000-w059_2025022312,1408,1954,0.6996,20.02,27.1,1.35,0,0,3846294,OK
20251212105627-w052_20251212105627148_flatboi,529,610,0.9011,20.03,27.1,1.35,0,0,580283,OK
20231007101619,5526,11485,0.8817,19.99,27.0,1.35,0,0,111902618,OK
20251208130119-w028_20251208130119156_flatboi,4001,3201,0.6181,19.94,26.9,1.35,0,0,15822289,OK
20251211111451-w055_20251211111451620_flatboi,537,635,0.9098,20.03,27.0,1.35,0,0,619148,OK
20260302000001-w050_2026030220,1032,756,0.886,20.0,27.0,1.35,0,0,1380636,OK
20231031143852,524,676,0.8447,20.0,27.0,1.35,0,0,597142,OK
20231007101619,2602,5407,0.8817,19.99,26.9,1.35,0,0,24801044,OK
20250919064353-auto_grown_20250918234353791,342,294,0.6175,20.46,27.6,1.35,0,0,121872,OK
20260227000000-w052_2026022705,3182,4042,0.6355,20.0,26.9,1.35,0,0,16340813,OK
20260219000001-w048_2026021912,2365,3523,0.7874,20.05,27.0,1.35,0,0,13115611,OK
20251112163527-w071_20251112163527854_flatboi,645,754,0.912,20.02,26.9,1.34,0,0,885495,OK
20250108000002-w027_2025010845,1424,1420,0.8431,20.0,26.8,1.34,0,0,3406492,OK
20260215000000-w024_2026021572,1385,1292,0.6588,19.97,26.7,1.34,0,0,2355374,OK
20260603042357-5753_-3,1248,229,0.3886,20.01,26.8,1.34,0,0,221058,SPARSE
20251208130119-w028_20251208130119156_flatboi,1377,1114,0.8574,19.93,26.7,1.34,0,0,2627597,OK
20251111010954-w068_20251111010954408_flatboi,654,746,0.9217,20.02,26.8,1.34,0,0,897786,OK
20250825181928-2,299,166,0.6518,19.9,26.6,1.34,0,0,64219,OK
20260108000000-w041_2026010816,2561,3319,0.7454,20.03,26.7,1.33,0,0,12665904,OK
20260623151729-w073-076,130,462,0.8964,19.91,26.6,1.33,0,0,106995,OK
20260603193311-5753_-1_copy,1237,259,0.3276,20.01,26.7,1.33,0,0,208792,SPARSE
20231031143852,3629,4674,0.8411,20.0,26.7,1.33,0,0,28523222,OK
20250108000004-w029_2025010827,351,361,0.8511,20.02,26.7,1.33,0,0,214942,OK
20250108000004-w029_2025010827,2986,3072,0.6279,20.02,26.6,1.33,0,0,11514116,OK
20250108000004-w029_2025010827,1409,1449,0.69,20.02,26.6,1.33,0,0,2814890,OK
20260219000001-w048_2026021912,1112,1656,0.8938,20.02,26.6,1.33,0,0,3288912,OK
20250902171204--1_b2,171,120,0.706,19.93,26.5,1.33,0,0,28677,OK
20231016151002,490,798,0.8483,19.99,26.5,1.33,0,0,661798,OK
20251115002746-auto_grown_20251115002740308_6_flatboi,560,2779,0.8351,20.03,26.6,1.33,0,0,2594433,OK
20251115002746-auto_grown_20251115002740308_6_flatboi,558,2777,0.8384,20.03,26.6,1.33,0,0,2593410,OK
20250825181922-1,295,169,0.6636,20.11,26.6,1.32,0,0,65680,OK
20250919184436-0500P2-wrap09_0919,115,73,0.8185,19.84,26.3,1.32,0,0,13552,OK
20240304141531-w013_20240304141531_flatboi,650,1223,0.9194,20.01,26.5,1.32,0,0,1459501,OK
20260219000000-w033_2026021913,1380,1492,0.8654,20.01,26.4,1.32,0,0,3560680,OK
20260602225659-5753_0,212,43,0.6873,20.2,26.7,1.32,0,0,12245,OK
20231031143852,1709,2201,0.8411,19.99,26.4,1.32,0,0,6323232,OK
20231210121321,782,614,0.8784,19.99,26.4,1.32,0,0,841788,OK
20260108000000-w041_2026010816,1208,1565,0.8266,20.02,26.4,1.32,0,0,3122705,OK
20260219000001-w048_2026021912,1116,1661,0.8743,20.03,26.4,1.32,0,0,3238328,OK
20260215000000-w024_2026021572,1380,1288,0.8242,19.98,26.3,1.32,0,0,2927032,OK
20260306000000-w038_2026030608,301,362,0.8645,20.0,26.3,1.32,0,0,187652,OK
20260306000001-w051_2026030600,3131,3974,0.6481,19.97,26.3,1.32,0,0,16121304,OK
20231210121321,2550,1999,0.8748,19.99,26.3,1.32,0,0,8913365,OK
20250919184434-0500P2-wrap07_0919,107,95,0.8035,20.04,26.4,1.32,0,0,16112,OK
20251113152136-w074_20251113152136889_flatboi,634,752,0.9128,20.01,26.3,1.31,0,0,868810,OK
20251211095724-w056_20251211095724922_flatboi,533,645,0.922,20.01,26.3,1.31,0,0,632580,OK
20231210121321,5416,4246,0.8749,19.99,26.2,1.31,0,0,40226782,OK
20260603005223-5753_-1,213,41,0.6726,20.04,26.3,1.31,0,0,11448,OK
20260623142658-w028-037,122,466,0.9357,19.93,26.1,1.31,0,0,105713,OK
20260302000000-w039_2026030210,428,386,0.6317,19.96,26.2,1.31,0,0,207837,OK
20251210160810-w057_20251210160810301_flatboi,544,651,0.9121,20.04,26.2,1.31,0,0,644685,OK
20260210000000-w058_2026021020,3106,4085,0.6411,19.99,26.2,1.31,0,0,16262295,OK
20260306000000-w038_2026030608,1208,1452,0.8183,20.01,26.2,1.31,0,0,2867743,OK
20231016151002,1598,2598,0.8442,19.98,26.1,1.31,0,0,7004495,OK
20260115000000-w044_2026011522,1176,1588,0.8909,19.99,26.1,1.31,0,0,3324640,OK
20250108000002-w027_2025010845,3029,3021,0.6209,20.01,26.1,1.3,0,0,11358225,OK
20250502184658-auto_grown_20250502163923577,178,208,0.5066,20.01,26.1,1.3,0,0,36807,OK
20250703034159-auto_grown_20250703034159599,185,273,0.5581,20.01,26.1,1.3,0,0,55300,OK
20250108000002-w027_2025010845,1429,1425,0.6822,20.0,26.1,1.3,0,0,2775857,OK
20250904233748-0_b2,186,126,0.6712,19.84,25.8,1.3,0,0,31133,OK
20260203000000-w032_2026020303,345,370,0.8659,20.01,26.0,1.3,0,0,220318,OK
20260203000000-w032_2026020303,2935,3149,0.6453,20.0,26.0,1.3,0,0,11923302,OK
20260306000000-w038_2026030608,2561,3081,0.7386,20.0,26.0,1.3,0,0,11650396,OK
20250108000004-w029_2025010827,1404,1444,0.8452,20.02,26.0,1.3,0,0,3424140,OK
20240304141531-w013_20240304141531_flatboi,634,1217,0.9438,20.0,25.9,1.3,0,0,1454205,OK
20240304141531-w013_20240304141531_flatboi,2080,3980,0.9409,19.99,25.9,1.3,0,0,15571585,OK
20231106155351,526,787,0.8987,20.02,26.0,1.3,0,0,742647,OK
20260210000000-w058_2026021020,1465,1926,0.7003,19.99,25.9,1.3,0,0,3948532,OK
20260303000000-w034_2026030317,342,375,0.871,20.03,25.9,1.3,0,0,222657,OK
20260311000000-w023_202603112281,1348,1240,0.8299,20.01,25.9,1.3,0,0,2771476,OK
20260310000000-w037_2026031015,298,350,0.8582,20.02,25.9,1.29,0,0,178280,OK
20260603024952-5753_-2,1245,235,0.396,20.03,25.9,1.29,0,0,230637,SPARSE
20250919125605-auto_grown_20250919055605407,348,300,0.6423,20.34,26.3,1.29,0,0,131919,OK
20251113021010-w072_20251113021010674_flatboi,638,754,0.9138,20.03,25.9,1.29,0,0,877574,OK
20260130000000-w031_2026013019,344,365,0.8642,20.03,25.9,1.29,0,0,216267,OK
20250511003658-tifxyz,173,104,0.8251,20.09,25.9,1.29,0,0,29394,OK
20260623160554-w098-100,130,474,0.8733,19.88,25.6,1.29,0,0,106929,OK
20240304141531-w013_20240304141531_flatboi,1531,2921,0.9409,19.99,25.8,1.29,0,0,8410022,OK
20250919184434-0500P2-wrap07_0919,208,185,0.7799,20.03,25.8,1.29,0,0,59604,OK
20260303000000-w034_2026030317,2910,3191,0.6525,20.01,25.8,1.29,0,0,12112375,OK
20260325000000-w046_20260325,2476,3421,0.7652,20.02,25.7,1.29,0,0,12957874,OK
20231106155351,3643,5442,0.8953,20.02,25.7,1.29,0,0,35488785,OK
20260126000000-w045_2026012619,2476,3412,0.7648,20.04,25.7,1.28,0,0,12915739,OK
20260623152443-w077-080,130,488,0.8971,19.91,25.5,1.28,0,0,113096,OK
20260219000000-w033_2026021913,2935,3174,0.6481,20.01,25.7,1.28,0,0,12069492,OK
20260215000000-w024_2026021572,355,331,0.8225,19.96,25.6,1.28,0,0,192545,OK
20260203000000-w032_2026020303,1380,1480,0.86,20.0,25.6,1.28,0,0,3510108,OK
20250702235910-auto_grown_20250702235910292,156,168,0.5755,20.0,25.6,1.28,0,0,29573,OK
20260603145540-5753_-4,214,38,0.6313,19.86,25.4,1.28,0,0,9969,OK
20250825181939-4,298,167,0.6431,19.89,25.4,1.28,0,0,63518,OK
20260219000000-w033_2026021913,1385,1497,0.7123,20.01,25.6,1.28,0,0,2951167,OK
20260306000000-w038_2026030608,1204,1448,0.8577,19.99,25.5,1.28,0,0,2987780,OK
20260623161921-w104-106,132,491,0.8654,19.89,25.4,1.28,0,0,111454,OK
20260226000000-46527_2um_try2,510,656,0.5292,19.98,25.5,1.28,0,0,352849,OK
20260203000000-w032_2026020303,1385,1485,0.7092,20.01,25.5,1.27,0,0,2914504,OK
20260303000000-w034_2026030317,1368,1500,0.8652,20.02,25.5,1.27,0,0,3547620,OK
20250902170447--3_b2,178,130,0.6912,20.08,25.6,1.27,0,0,31669,OK
20260310000000-w037_2026031015,1192,1400,0.8511,20.01,25.5,1.27,0,0,2837592,OK
20260602204401-5753_-7,209,30,0.4542,20.15,25.7,1.27,0,0,5390,SPARSE
20231106155351,1715,2562,0.8953,20.02,25.5,1.27,0,0,7863312,OK
20260112000000-w043_2026011217,2527,3361,0.7566,20.01,25.4,1.27,0,0,12846759,OK
20260623141135-w046-052_jordi,127,506,0.9191,19.92,25.3,1.27,0,0,117380,OK
20260623144224-w046-052,127,508,0.9162,20.1,25.5,1.27,0,0,117466,OK
20250902170447--3_b2,694,507,0.6771,20.08,25.5,1.27,0,0,475267,OK
20260115000000-w044_2026011522,2501,3378,0.7638,20.0,25.4,1.27,0,0,12899197,OK
20250108000003-w028_2025010836,353,358,0.8523,20.04,25.4,1.27,0,0,214663,OK
20260303000000-w034_2026030317,1373,1505,0.7171,20.01,25.3,1.27,0,0,2961030,OK
20260311000000-w023_202603112281,2867,2638,0.6029,20.01,25.3,1.27,0,0,9114042,OK
20260206000001-w047_2026020613,284,410,0.8909,20.02,25.3,1.27,0,0,206738,OK
20260206000001-w047_2026020613,2416,3489,0.7736,20.03,25.3,1.26,0,0,13035475,OK
20260130000000-w031_2026013019,2927,3106,0.6422,20.03,25.3,1.26,0,0,11672125,OK
20250108000003-w028_2025010836,3003,3046,0.6266,20.06,25.3,1.26,0,0,11458699,OK
20260206000001-w047_2026020613,1140,1645,0.8587,20.02,25.3,1.26,0,0,3217830,OK
20251028220955-auto_grown_20251028220955262,90,84,0.7407,20.0,25.2,1.26,0,0,11050,OK
20260112000000-w043_2026011217,1192,1585,0.8388,20.0,25.2,1.26,0,0,3166622,OK
20251028222030-auto_grown_20251028222030940,156,156,0.3432,20.05,25.3,1.26,0,0,16521,SPARSE
20260623143441-w038-045,125,489,0.8826,19.95,25.1,1.26,0,0,104826,OK
20240304144031-w018_20240304144031_flatboi,4531,10355,0.6234,20.0,25.2,1.26,0,0,58484615,OK
20250825181917--2,299,176,0.6405,19.92,25.1,1.26,0,0,66914,OK
20251028220042-auto_grown_20251028220042762,93,95,0.6533,20.04,25.2,1.26,0,0,11392,OK
20251206103305-w012_20251206103305555_flatboi,4212,1656,0.5798,19.93,25.0,1.26,0,0,8082644,OK
20250108000005-w030_2025010818,347,363,0.8587,20.02,25.1,1.25,0,0,215578,OK
20250108000003-w028_2025010836,1417,1437,0.6885,20.04,25.1,1.25,0,0,2801423,OK
20240304141531-w013_20240304141531_flatboi,4449,8401,0.6286,19.98,25.0,1.25,0,0,46976898,OK
20260130000000-w031_2026013019,1381,1465,0.7063,20.03,25.1,1.25,0,0,2855443,OK
20250628074500-500P2_front,314,179,0.6347,19.93,25.0,1.25,0,0,70804,OK
20260115000000-w044_2026011522,1180,1593,0.8476,19.99,25.0,1.25,0,0,3183696,OK
20260206000001-w047_2026020613,1136,1640,0.8846,20.01,25.0,1.25,0,0,3293384,OK
20260130000000-w031_2026013019,1376,1460,0.8583,20.02,25.0,1.25,0,0,3445504,OK
20260311000000-w023_202603112281,1353,1244,0.6672,20.02,25.0,1.25,0,0,2243624,OK
20240304161941-w023_20240304161941_flatboi,4476,10803,0.6186,20.0,25.0,1.25,0,0,59805688,OK
20250108000005-w030_2025010818,2952,3089,0.6354,20.02,24.9,1.25,0,0,11581814,OK
20260623153216-w081-084,131,518,0.8935,19.89,24.8,1.25,0,0,120494,OK
20260623161233-w101-103,130,483,0.8731,19.89,24.7,1.24,0,0,108936,OK
20250108000003-w028_2025010836,1412,1432,0.8463,20.04,24.9,1.24,0,0,3419544,OK
20260422000000-title_2026042222_zmid_flatboi,88,264,0.9078,20.03,24.9,1.24,0,0,41821,OK
20231022170901,328,1779,0.9016,20.01,24.8,1.24,0,0,1049652,OK
20250108000004-w029_2025010827,361,371,0.8435,20.02,24.8,1.24,0,0,225185,OK
20260623165742-w120-121,128,359,0.8751,19.89,24.7,1.24,0,0,79881,OK
20260219000000-w033_2026021913,355,384,0.8634,19.98,24.8,1.24,0,0,234623,OK
20250919135915-auto_grown_20250919065915092_inp_hr,329,269,0.7557,20.02,24.8,1.24,0,0,133129,OK
20260318000000-w049_20260318,275,457,0.8987,20.03,24.7,1.24,0,0,225091,OK
20250502185519-auto_grown_20250502164303733,160,136,0.7498,20.01,24.7,1.24,0,0,32039,OK
20250502184845-auto_grown_20250502164121265,142,223,0.6499,20.0,24.7,1.24,0,0,40588,OK
20260318000000-w049_20260318,2340,3889,0.7985,20.03,24.7,1.23,0,0,14526514,OK
20250108000005-w030_2025010818,1388,1452,0.8528,20.01,24.7,1.23,0,0,3434308,OK
20250511003658-tifxyz,172,103,0.8057,20.17,24.9,1.23,0,0,28257,OK
20250511200236,211,201,0.9173,20.01,24.7,1.23,0,0,77376,OK
20250108000005-w030_2025010818,1393,1457,0.6987,20.0,24.6,1.23,0,0,2833385,OK
20250510172639,260,207,0.9225,19.95,24.5,1.23,0,0,98801,OK
20250919135915-auto_grown_20250919065915092_inp_hr,1185,968,0.7487,20.01,24.6,1.23,0,0,1715397,OK
20260603024952-5753_-2,214,40,0.6513,20.02,24.5,1.23,0,0,10860,OK
20260318000000-w049_20260318,1104,1833,0.879,20.02,24.5,1.22,0,0,3554526,OK
20260306000000-w038_2026030608,310,372,0.8561,20.0,24.5,1.22,0,0,196704,OK
20231022170901,1069,5791,0.8973,20.0,24.4,1.22,0,0,11101709,OK
20260303000000-w034_2026030317,352,386,0.8631,19.99,24.4,1.22,0,0,233790,OK
20260206000000-w042_2026020613,299,394,0.8798,20.03,24.4,1.22,0,0,206581,OK
20260623164141-w113-115,132,517,0.8599,19.86,24.2,1.22,0,0,116617,OK
20250511003658-tifxyz,671,401,0.7892,20.19,24.6,1.22,0,0,423614,OK
20251028213516-auto_grown_20251028213516907,122,96,0.526,20.1,24.5,1.22,0,0,12162,OK
20250502184201-auto_grown_20250502163549332,113,180,0.7456,20.0,24.3,1.22,0,0,29854,OK
20260310000000-w037_2026031015,2535,2978,0.7335,20.02,24.3,1.22,0,0,11069594,OK
20260318000000-w049_20260318,1100,1828,0.8924,20.01,24.3,1.21,0,0,3585776,OK
20260302000001-w050_2026030220,265,194,0.8803,20.01,24.3,1.21,0,0,90033,OK
20260310000000-w037_2026031015,307,360,0.8495,19.97,24.2,1.21,0,0,187020,OK
20260219000001-w048_2026021912,286,426,0.8911,20.01,24.2,1.21,0,0,216404,OK
20260310000000-w037_2026031015,1196,1404,0.8135,20.01,24.2,1.21,0,0,2729394,OK
20250108000005-w030_2025010818,357,373,0.8509,20.0,24.2,1.21,0,0,225849,OK
20250108000003-w028_2025010836,363,368,0.8446,20.04,24.2,1.21,0,0,224886,OK
20260226123353-auto_grown_20260226123353106,162,195,0.4486,78.04,94.3,1.21,0,0,27973,SPARSE
20250919124722-auto_grown_20250919054722721_inp_hr,366,250,0.7366,20.0,24.2,1.21,0,0,134171,OK
20250922024644-0500P2-wrap11_0919,36,52,0.5743,19.76,23.8,1.21,0,0,2064,OK
20250223000000-w059_2025022312,361,501,0.8605,20.0,24.1,1.21,0,0,310321,OK
20250919184428-0500P2-wrap01_0919,33,39,0.5921,19.77,23.8,1.2,0,0,1456,OK
20260108000000-w041_2026010816,310,401,0.8743,20.01,24.1,1.2,0,0,216621,OK
20250703025628-auto_grown_20250703025628283,202,215,0.5756,20.0,24.0,1.2,0,0,49080,OK
20260115000000-w044_2026011522,302,408,0.8883,20.01,24.0,1.2,0,0,218141,OK
20250919140325-auto_grown_20250919070325767_inp_hr,357,236,0.8245,20.01,24.0,1.2,0,0,138302,OK
20260623162614-w107-109,132,499,0.8653,19.89,23.8,1.2,0,0,113251,OK
20251029010146-auto_grown_20251029010146642,42,42,0.8186,20.02,24.0,1.2,0,0,2812,OK
20231016151002,84,137,0.8445,19.89,23.8,1.2,0,0,19175,OK
20250919124722-auto_grown_20250919054722721_inp_hr,1318,900,0.7298,19.99,23.9,1.2,0,0,1729154,OK
20250108000002-w027_2025010845,366,365,0.8413,20.0,23.8,1.19,0,0,224009,OK
20260206000001-w047_2026020613,292,422,0.8823,20.01,23.8,1.19,0,0,216698,OK
20260226000000-46527_2um_try2,426,691,0.5964,19.99,23.8,1.19,0,0,349709,OK
20250919140325-auto_grown_20250919070325767_inp_hr,1285,850,0.8171,20.01,23.8,1.19,0,0,1782701,OK
20260603193311-5753_-1_copy,213,45,0.5255,19.93,23.7,1.19,0,0,9665,OK
20260623164704-w116-117,130,354,0.8598,19.92,23.7,1.19,0,0,78592,OK
20260623154006-w085-088,131,545,0.8851,19.93,23.7,1.19,0,0,125595,OK
20250919125754-auto_grown_20250919055754487_inp_hr,352,285,0.8768,20.03,23.8,1.19,0,0,175266,OK
20260603190005-5753_-5,213,34,0.6286,20.09,23.8,1.19,0,0,8810,OK
20260623165230-w118-119,129,357,0.8662,19.91,23.6,1.18,0,0,79239,OK
20260112000000-w043_2026011217,306,406,0.8826,19.99,23.7,1.18,0,0,218550,OK
20231005123336,92,257,0.8759,19.89,23.5,1.18,0,0,41026,OK
20260422000000-title_2026042222_zmid_flatboi,87,261,0.9055,20.03,23.7,1.18,0,0,40761,OK
20260203000000-w032_2026020303,355,380,0.858,20.02,23.6,1.18,0,0,230713,OK
20250905172054-1_b2,156,116,0.6511,19.89,23.5,1.18,0,0,23272,OK
20250703034159-auto_grown_20250703034159599,181,261,0.5696,20.08,23.7,1.18,0,0,52566,OK
20260130000000-w031_2026013019,354,375,0.8562,20.03,23.6,1.18,0,0,226574,OK
20260316000000-w036_2026031607,291,339,0.8531,20.02,23.6,1.18,0,0,167604,OK
20250902170435--5_b2,164,121,0.6805,20.08,23.6,1.18,0,0,26716,OK
20260316000000-w036_2026031607,1168,1360,0.8254,20.01,23.5,1.17,0,0,2619491,OK
20260422000000-title_2026042222_zmid_flatboi,349,1046,0.8899,20.03,23.5,1.17,0,0,648321,OK
20260226000000-46527_2um_try2,906,1470,0.5915,19.99,23.5,1.17,0,0,1572682,OK
20250902170435--5_b2,640,472,0.6656,20.06,23.5,1.17,0,0,400974,OK
20260422000000-title_2026042222_zmid_flatboi,348,1044,0.8896,20.02,23.5,1.17,0,0,645000,OK
20230702185753,134,96,0.8756,19.93,23.3,1.17,0,0,22255,OK
20260316000000-w036_2026031607,2476,2885,0.7437,20.02,23.4,1.17,0,0,10619885,OK
20250502182142-auto_grown_20250502161324419,118,196,0.5473,20.0,23.4,1.17,0,0,24756,OK
20260226000000-46527_2um_try2,109,178,0.5916,20.06,23.5,1.17,0,0,22627,OK
20250920020222-0500P2-wrap10_0919,105,69,0.8367,20.15,23.6,1.17,0,0,11945,OK
20250919123506-auto_grown_20250919053506178_inp_hr,363,283,0.7993,20.01,23.4,1.17,0,0,163556,OK
20250510172804,205,297,0.9675,19.93,23.3,1.17,0,0,117294,OK
20260226123353-auto_grown_20260226123353106,91,217,0.6943,78.13,91.2,1.17,0,0,27026,OK
20250919123506-auto_grown_20250919053506178_inp_hr,1307,1018,0.7929,20.02,23.4,1.17,0,0,2107510,OK
20230929220926,85,200,0.8636,19.91,23.2,1.16,0,0,29023,OK
20250825181939-4,296,167,0.6315,20.05,23.3,1.16,0,0,61946,OK
20250902170441--4_b2,165,126,0.653,20.13,23.4,1.16,0,0,26847,OK
20250919125754-auto_grown_20250919055754487_inp_hr,1268,1026,0.8703,20.02,23.3,1.16,0,0,2261998,OK
20250920020222-0500P2-wrap10_0919,204,134,0.8079,20.19,23.5,1.16,0,0,43828,OK
20250902170441--4_b2,644,491,0.6379,20.13,23.4,1.16,0,0,402265,OK
20260316000000-w036_2026031607,1164,1356,0.8459,20.0,23.2,1.16,0,0,2667420,OK
20260311000000-w023_202603112281,347,319,0.828,19.98,23.2,1.16,0,0,182582,OK
20231106155351,91,135,0.8959,19.98,23.2,1.16,0,0,21764,OK
20260226123353-auto_grown_20260226123353106,194,462,0.6741,78.03,90.3,1.16,0,0,120120,OK
20250825181939-4,1152,651,0.6215,20.04,23.2,1.16,0,0,930376,OK
20260623151041-w069-072,130,437,0.8997,19.91,23.0,1.16,0,0,101559,OK
20250902171202--2_b2,671,452,0.6847,20.13,23.3,1.16,0,0,414146,OK
20250902171202--2_b2,172,116,0.7004,20.12,23.2,1.16,0,0,27644,OK
20260623154617-w089-091,131,434,0.8786,19.89,23.0,1.15,0,0,99224,OK
20260623141924-w010-027,119,449,0.9522,19.86,22.9,1.15,0,0,101103,OK
20260317000000-w035_2026031718,283,255,0.8434,20.04,23.0,1.15,0,0,121142,OK
20260317000000-w035_2026031718,1132,1020,0.8353,20.02,23.0,1.15,0,0,1926584,OK
20260317000000-w035_2026031718,2408,2170,0.7432,20.04,23.0,1.15,0,0,7762177,OK
20250919184431-0500P2-wrap04_0919,141,103,0.7747,20.0,22.9,1.15,0,0,22240,OK
20260316000000-w036_2026031607,299,349,0.8442,19.99,22.9,1.15,0,0,175455,OK
20260317000000-w035_2026031718,1136,1023,0.8223,20.03,23.0,1.15,0,0,1909033,OK
20260603042357-5753_-3,215,39,0.6438,20.02,22.9,1.15,0,0,10506,OK
20250825181939-4,592,334,0.6217,20.04,22.9,1.14,0,0,244894,OK
20260623155240-w092-094,131,449,0.8771,19.9,22.7,1.14,0,0,102503,OK
20231012184424,134,200,0.8945,19.91,22.7,1.14,0,0,47567,OK
20250502180708-auto_grown_20250502160708188,109,177,0.6299,20.02,22.9,1.14,0,0,23841,OK
20250825181907-0,317,181,0.6709,20.03,22.8,1.14,0,0,76473,OK
20260422000000-title_2026042222_zmid_flatboi,89,268,0.8778,20.08,22.9,1.14,0,0,41511,OK
20250825181939-4,274,155,0.6222,19.99,22.8,1.14,0,0,52402,OK
20260623163339-w110-112,132,507,0.8633,19.91,22.7,1.14,0,0,114822,OK
20250825181907-0,1234,706,0.6619,20.01,22.8,1.14,0,0,1151261,OK
20250920020224-0500P2-wrap13_0919,95,74,0.8357,20.12,22.9,1.14,0,0,11566,OK
20250825181907-0,634,362,0.6619,20.02,22.7,1.13,0,0,302798,OK
20231007101619,137,285,0.8824,19.96,22.6,1.13,0,0,68426,OK
20250920020224-0500P2-wrap13_0919,185,144,0.8045,20.14,22.8,1.13,0,0,42513,OK
20260623155914-w095-097,131,463,0.8747,19.88,22.5,1.13,0,0,105412,OK
20250902171204--1_b2,167,117,0.7124,20.09,22.7,1.13,0,0,27538,OK
20250902171204--1_b2,652,456,0.6965,20.09,22.7,1.13,0,0,412981,OK
20250919184435-0500P2-wrap08_0919,105,100,0.7919,19.99,22.6,1.13,0,0,16409,OK
20250502205333-auto_grown_20250502181030065,188,129,0.5795,20.07,22.6,1.13,0,0,27532,OK
20250919184433-0500P2-wrap06_0919,101,100,0.8212,20.08,22.6,1.12,0,0,16371,OK
20250919184431-0500P2-wrap04_0919,274,201,0.7557,20.01,22.4,1.12,0,0,82738,OK
20231210121321,135,105,0.8749,20.02,22.4,1.12,0,0,24530,OK
20250502183421-auto_grown_20250502161744358,191,193,0.4876,20.08,22.5,1.12,0,0,34929,SPARSE
20231221180251,84,111,0.9096,19.93,22.3,1.12,0,0,16742,OK
20260318000000-w049_20260318,283,470,0.8897,20.0,22.4,1.12,0,0,235885,OK
20250825181907-0,293,168,0.663,19.98,22.3,1.12,0,0,64794,OK
20260226121302-auto_grown_20260226121302716_abf,94,198,0.7613,77.89,87.0,1.12,0,0,27996,OK
20250904233748-0_b2,181,125,0.6663,20.05,22.4,1.12,0,0,29828,OK
20250919184433-0500P2-wrap06_0919,197,195,0.7976,20.05,22.4,1.12,0,0,60862,OK
20250920020223-0500P2-wrap12_0919,98,76,0.8437,20.1,22.4,1.11,0,0,12390,OK
20260226110425-auto_grown_20260226110425097_abf,96,192,0.7367,78.43,87.2,1.11,0,0,26844,OK
20250502180748-auto_grown_20250502160748721,134,183,0.4609,20.0,22.2,1.11,0,0,21989,SPARSE
20250919184435-0500P2-wrap08_0919,204,195,0.7694,19.96,22.1,1.11,0,0,60792,OK
20250919184434-0500P2-wrap07_0919,49,44,0.7769,20.11,22.3,1.11,0,0,3251,OK
20250511200236,208,201,0.911,20.04,22.2,1.11,0,0,75743,OK
20260317000000-w035_2026031718,291,262,0.8329,20.03,22.2,1.11,0,0,126415,OK
20250511200236,749,723,0.9008,20.04,22.2,1.11,0,0,974089,OK
20250919184430-0500P2-wrap03_0919,60,84,0.5456,20.06,22.2,1.11,0,0,5352,OK
20250920020223-0500P2-wrap12_0919,191,148,0.8158,20.1,22.2,1.11,0,0,45783,OK
20250919184432-0500P2-wrap05_0919,107,122,0.7854,19.99,22.1,1.1,0,0,20261,OK
20260226110425-auto_grown_20260226110425097_abf,245,396,0.6022,78.3,86.3,1.1,0,0,116178,OK
20260226110425-auto_grown_20260226110425097_abf,115,186,0.6174,78.45,86.4,1.1,0,0,26081,OK
20250825181917--2,299,175,0.632,20.03,22.0,1.1,0,0,65647,OK
20250825181859--1,318,178,0.6754,20.02,22.0,1.1,0,0,75931,OK
20250502183138-auto_grown_20250502162038685,94,160,0.6001,20.01,22.0,1.1,0,0,17570,OK
20250904233748-0_b2,706,487,0.6519,20.05,22.0,1.1,0,0,447010,OK
20250920020222-0500P2-wrap10_0919,49,32,0.8029,20.01,22.0,1.1,0,0,2437,OK
20250919184430-0500P2-wrap03_0919,117,164,0.5152,19.99,21.9,1.1,0,0,19488,OK
20250825181859--1,1238,694,0.6658,20.01,21.9,1.1,0,0,1142089,OK
20250510172639,257,205,0.9248,20.01,21.9,1.1,0,0,96966,OK
20250825181917--2,1164,682,0.6224,20.03,21.9,1.1,0,0,986323,OK
20250510172639,926,738,0.9162,20.0,21.9,1.1,0,0,1250554,OK
20260226121302-auto_grown_20260226121302716_abf,118,192,0.6066,78.14,85.5,1.09,0,0,27120,OK
20250502184658-auto_grown_20250502163923577,211,143,0.5913,20.12,22.0,1.09,0,0,34874,OK
20231031143852,90,116,0.8425,19.94,21.8,1.09,0,0,17373,OK
20250825181917--2,598,350,0.6226,20.02,21.9,1.09,0,0,259636,OK
20250825181859--1,636,356,0.666,20.01,21.8,1.09,0,0,300540,OK
20250919184432-0500P2-wrap05_0919,208,238,0.7645,19.98,21.8,1.09,0,0,75238,OK
20250919184431-0500P2-wrap04_0919,65,48,0.7526,19.99,21.8,1.09,0,0,4576,OK
20260226113324-auto_grown_20260226113324624_abf,247,408,0.5962,78.03,85.0,1.09,0,0,119468,OK
20260226113324-auto_grown_20260226113324624_abf,116,192,0.6122,78.1,85.0,1.09,0,0,26903,OK
20250919184436-0500P2-wrap09_0919,112,69,0.8415,20.12,21.9,1.09,0,0,12819,OK
20250919184436-0500P2-wrap09_0919,218,135,0.8129,20.03,21.8,1.09,0,0,47489,OK
20260226121302-auto_grown_20260226121302716_abf,251,408,0.5909,78.11,84.9,1.09,0,0,120326,OK
20250919184435-0500P2-wrap08_0919,48,46,0.7731,20.09,21.8,1.09,0,0,3317,OK
20250928235954-auto_grown_20250928235953722_copy,115,176,0.6738,78.12,84.7,1.08,0,0,26975,OK
20231022170901,56,305,0.8991,19.96,21.6,1.08,0,0,30298,OK
20250919131642-auto_grown_20250919061642215_inp_hr,329,181,0.7004,20.04,21.6,1.08,0,0,82898,OK
20250825181934-3,301,165,0.6067,20.04,21.6,1.08,0,0,59794,OK
20250919131642-auto_grown_20250919061642215_inp_hr,1185,651,0.6919,20.05,21.6,1.08,0,0,1065619,OK
20250920020224-0500P2-wrap13_0919,44,34,0.7948,20.21,21.7,1.08,0,0,2298,OK
20250919184428-0500P2-wrap01_0919,30,36,0.6056,20.52,22.1,1.08,0,0,1244,OK
20250703025628-auto_grown_20250703025628283,205,213,0.5458,20.08,21.6,1.07,0,0,46715,OK
20250919184430-0500P2-wrap03_0919,28,39,0.5064,19.78,21.2,1.07,0,0,1041,OK
20260226110425-auto_grown_20260226110425097_abf,30,48,0.6028,77.49,83.2,1.07,0,0,1657,OK
20250825181859--1,294,165,0.6671,20.0,21.5,1.07,0,0,64234,OK
20250825181917--2,276,162,0.6235,20.02,21.5,1.07,0,0,55302,OK
20250825181934-3,1172,643,0.5972,20.04,21.5,1.07,0,0,898311,OK
20250502184845-auto_grown_20250502164121265,231,110,0.7793,20.08,21.5,1.07,0,0,38975,OK
20250510172804,204,295,0.9568,20.01,21.4,1.07,0,0,114652,OK
20250510172804,734,1062,0.9486,20.0,21.4,1.07,0,0,1477020,OK
20250502184201-auto_grown_20250502163549332,179,111,0.7348,20.05,21.4,1.07,0,0,28697,OK
20250919184429-0500P2-wrap02_0919,44,60,0.6129,20.08,21.4,1.07,0,0,3131,OK
20260226113324-auto_grown_20260226113324624_abf,30,49,0.6007,78.4,83.6,1.07,0,0,1686,OK
20250928235954-auto_grown_20250928235953722_copy,117,174,0.6501,78.36,83.5,1.07,0,0,26177,OK
20250919184429-0500P2-wrap02_0919,347,471,0.5734,20.07,21.4,1.07,0,0,186648,OK
20250825181934-3,602,330,0.5972,20.03,21.3,1.06,0,0,236364,OK
20250905172054-1_b2,151,114,0.6583,20.05,21.3,1.06,0,0,22374,OK
20250919184429-0500P2-wrap02_0919,86,117,0.568,20.02,21.3,1.06,0,0,11233,OK
20251028225813-auto_grown_20251028225813045,115,113,0.495,20.08,21.4,1.06,0,0,12642,SPARSE
20250919130642-auto_grown_20250919060642061,359,263,0.6473,20.03,21.3,1.06,0,0,119875,OK
20250920020223-0500P2-wrap12_0919,45,35,0.8152,20.13,21.4,1.06,0,0,2488,OK
20250919184433-0500P2-wrap06_0919,47,46,0.7937,20.12,21.4,1.06,0,0,3340,OK
20250905172054-1_b2,589,444,0.6414,20.06,21.3,1.06,0,0,334364,OK
20250919130642-auto_grown_20250919060642061,1293,947,0.6225,20.02,21.3,1.06,0,0,1515820,OK
20250928235954-auto_grown_20250928235953722_copy,249,370,0.6358,78.37,83.2,1.06,0,0,116535,OK
20250702235910-auto_grown_20250702235910292,149,162,0.5939,20.08,21.3,1.06,0,0,28005,OK
20250825181928-2,298,166,0.6417,20.03,21.2,1.06,0,0,63003,OK
20250919184428-0500P2-wrap01_0919,58,70,0.5372,20.64,21.9,1.06,0,0,4246,OK
20260226123353-auto_grown_20260226123353106,23,56,0.6817,79.16,83.8,1.06,0,0,1674,OK
20250502182456-auto_grown_20250502161202782,236,162,0.5003,20.0,21.2,1.06,0,0,37269,OK
20250825181928-2,1160,647,0.6318,20.02,21.2,1.06,0,0,946459,OK
20260225160055-auto_grown_20260225160055913,97,97,0.9976,78.16,82.5,1.06,0,0,18577,OK
20250825181928-2,596,332,0.6319,20.02,21.1,1.05,0,0,249118,OK
20250919184436-0500P2-wrap09_0919,52,32,0.8083,20.03,21.1,1.05,0,0,2604,OK
20250825181934-3,278,153,0.5979,20.03,21.1,1.05,0,0,50426,OK
20260225160055-auto_grown_20260225160055913,128,127,0.5469,78.58,82.5,1.05,0,0,17530,OK
20260225160055-auto_grown_20260225160055913,272,270,0.5274,78.64,82.3,1.05,0,0,76955,OK
20250825181928-2,275,154,0.6324,20.03,21.0,1.05,0,0,53122,OK
20250502185519-auto_grown_20250502164303733,160,133,0.7294,20.11,21.0,1.04,0,0,30393,OK
20260226121302-auto_grown_20260226121302716_abf,30,49,0.5918,78.8,82.3,1.04,0,0,1660,OK
20250919184429-0500P2-wrap02_0919,20,28,0.5625,20.3,21.2,1.04,0,0,584,OK
20250919184432-0500P2-wrap05_0919,49,57,0.7633,20.1,21.0,1.04,0,0,4157,OK
20251028220042-auto_grown_20251028220042762,102,100,0.5465,20.11,21.0,1.04,0,0,10950,OK
20250502180748-auto_grown_20250502160748721,206,112,0.4569,20.09,21.0,1.04,0,0,20368,SPARSE
20250919125605-auto_grown_20250919055605407,348,287,0.6596,20.03,20.9,1.04,0,0,129386,OK
20251028220955-auto_grown_20251028220955262,105,105,0.4874,20.11,21.0,1.04,0,0,10542,SPARSE
20250919064353-auto_grown_20250918234353791,336,290,0.6226,20.03,20.9,1.04,0,0,118863,OK
20250919125605-auto_grown_20250919055605407,1253,1033,0.6356,20.02,20.8,1.04,0,0,1636821,OK
20250919064353-auto_grown_20250918234353791,1210,1044,0.5969,20.02,20.8,1.04,0,0,1499107,OK
20250928235954-auto_grown_20250928235953722_copy,30,45,0.6393,78.08,81.2,1.04,0,0,1651,OK
20250502183138-auto_grown_20250502162038685,161,106,0.4952,20.05,20.8,1.04,0,0,16320,SPARSE
20251028222030-auto_grown_20251028222030940,129,129,0.4899,20.1,20.8,1.04,0,0,16050,SPARSE
20250502182142-auto_grown_20250502161324419,188,128,0.502,20.03,20.7,1.03,0,0,23556,OK
20250502180708-auto_grown_20250502160708188,133,177,0.4937,20.1,20.7,1.03,0,0,22707,SPARSE
20251029010146-auto_grown_20251029010146642,49,49,0.5569,20.21,20.8,1.03,0,0,2580,OK
20251028213516-auto_grown_20251028213516907,108,112,0.4959,20.06,20.6,1.03,0,0,11780,SPARSE
20250919184428-0500P2-wrap01_0919,14,17,0.521,20.24,20.7,1.02,0,0,221,OK
20260225160055-auto_grown_20260225160055913,33,33,0.5308,78.2,79.9,1.02,0,0,1093,OK
