group,scroll,name,representation,shape_v,shape_u,cells,cut_edges,erased_cells,kept_share,dist_before,dist_after,dist_ratio_before,dist_ratio_after,wind_before,wind_after,wind_ratio_before,wind_ratio_after,parts
control,PHercParis4,20230929220926,20230929220926-on-20260310170716-45.532um.tifxyz,85,200,14681,0,0,1.0,OK,OK,1.16,1.16,SKIP,SKIP,,,1
control,PHercParis4,20230929220926,20230929220926-on-20230205180739-7.91um.tifxyz,492,1164,496841,0,0,1.0,OK,OK,1.52,1.52,OK,OK,2.2,2.2,1
control,PHercParis4,20230929220926,intermediate/tifxyz_normalized,492,1164,496841,0,0,1.0,OK,OK,1.52,1.52,OK,OK,2.2,2.2,1
control,PHercParis4,20230929220926,20230929220926-on-20260411134726-2.4um.tifxyz,1604,3790,5251644,0,0,1.0,OK,OK,1.5,1.5,OK,OK,2.2,2.2,1
control,PHercParis4,20230929220926,intermediate/tifxyz_original,497,1168,503649,0,0,1.0,OK,OK,3.06,3.06,OK,OK,3.4,3.4,1
control,PHercParis4,20231005123336,20231005123336-on-20260310170716-45.532um.tifxyz,92,257,20709,0,0,1.0,OK,OK,1.18,1.18,SKIP,SKIP,,,1
control,PHercParis4,20231005123336,20231005123336-on-20230205180739-7.91um.tifxyz,535,1494,701368,0,0,1.0,OK,OK,1.44,1.44,OK,OK,2.5,2.5,1
control,PHercParis4,20231005123336,intermediate/tifxyz_normalized,535,1494,701368,0,0,1.0,OK,OK,1.44,1.44,OK,OK,2.5,2.5,1
control,PHercParis4,20231005123336,intermediate/tifxyz_original,548,1493,708896,0,0,1.0,OK,OK,2.2,2.2,OK,OK,2.9,2.9,1
control,PHercParis4,20231005123336,20231005123336-on-20260411134726-2.4um.tifxyz,1744,4864,7418625,0,0,1.0,OK,OK,1.39,1.39,OK,OK,2.5,2.5,1
flagged,PHercParis4,20260602230115-20230702185753_v14,20260602230115-on-20260310170716-45.532um.tifxyz,239,68,12617,62,33,0.99731,REVIEW,OK,34.89,4.87,WATCH,WATCH,2.2,2.3,1
flagged,PHercParis4,20260602230115-20230702185753_v14,20260602230115-on-20260411134726-2.4um.tifxyz,4522,1280,4501378,24528,15474,0.9962,REVIEW,OK,195.29,5.0,REVIEW,REVIEW,71.4,24.1,1
flagged,PHercParis4,20260602230115-20230702185753_v14,intermediate/tifxyz_flattened,4516,1328,4510128,24814,15796,0.99609,REVIEW,WATCH,195.73,5.0,REVIEW,REVIEW,74.0,24.5,1
flagged,PHercParis4,20260602230115-20230702185753_v14,intermediate/tifxyz_normalized,4522,1280,4501378,24528,15474,0.9962,REVIEW,OK,195.29,5.0,REVIEW,REVIEW,71.4,24.1,1
flagged,PHercParis4,20260603222816-20231005123336_v2_flatboi,20260603222816-on-20260310170716-45.532um.tifxyz,125,139,15704,0,0,1.0,OK,OK,2.55,2.55,SKIP,SKIP,,,1
flagged,PHercParis4,20260603222816-20231005123336_v2_flatboi,20260603222816-on-20230205180739-7.91um.tifxyz,727,811,529816,8,7,0.99999,WATCH,OK,7.71,4.81,WATCH,WATCH,8.3,8.3,1
flagged,PHercParis4,20260603222816-20231005123336_v2_flatboi,20260603222816-on-20260411134726-2.4um.tifxyz,2371,2640,5663812,276,164,0.99997,REVIEW,OK,16.81,5.0,REVIEW,WATCH,20.2,8.3,1
flagged,PHercParis4,20260603222816-20231005123336_v2_flatboi,intermediate/tifxyz_flattened,2372,2812,5671456,449,227,0.99996,REVIEW,OK,24.48,4.99,REVIEW,WATCH,28.8,8.3,1
flagged,PHercParis4,20260603222816-20231005123336_v2_flatboi,intermediate/tifxyz_normalized,2371,2640,5663812,276,164,0.99997,REVIEW,OK,16.81,5.0,REVIEW,WATCH,20.2,8.3,1
flagged,PHercParis4,20260603222816-20231005123336_v2_flatboi,20260603222816-on-20260608103018-1.129um.tifxyz,5036,5607,25526450,780,504,0.99998,REVIEW,OK,13.96,4.99,WATCH,WATCH,17.4,9.6,1
flagged,PHercParis4,20260604223808-20231210121321_v8,20260604223808-on-20230205180739-7.91um.tifxyz,1046,718,437046,0,0,1.0,OK,OK,3.98,3.98,OK,OK,4.8,4.8,1
flagged,PHercParis4,20260604223808-20231210121321_v8,20260604223808-on-20260310170716-45.532um.tifxyz,180,123,20202,0,0,1.0,OK,OK,4.22,4.22,WATCH,WATCH,2.3,2.3,1
flagged,PHercParis4,20260604223808-20231210121321_v8,20260604223808-on-20260411134726-2.4um.tifxyz,3409,2338,7277055,809,697,0.9999,REVIEW,OK,13.73,5.0,REVIEW,REVIEW,52.5,12.3,1
flagged,PHercParis4,20260604223808-20231210121321_v8,intermediate/tifxyz_flattened,3380,2352,7285840,940,811,0.99989,REVIEW,OK,14.77,5.0,REVIEW,REVIEW,53.1,12.7,1
flagged,PHercParis4,20260604223808-20231210121321_v8,intermediate/tifxyz_normalized,3409,2338,7277055,809,697,0.9999,REVIEW,OK,13.73,5.0,REVIEW,REVIEW,52.5,12.3,1
control,PHercParis4,20260623141924-w010-027,20260623141924-on-20230205180739-7.91um.tifxyz,689,2613,1659181,0,0,1.0,OK,OK,2.05,2.05,OK,OK,3.6,3.6,1
flagged,PHercParis4,20260604223808-20231210121321_v8,20260604223808-on-20260608103018-1.129um.tifxyz,7241,4966,21569324,45,23,1.0,REVIEW,OK,13.63,4.98,WATCH,OK,15.6,7.4,1
control,PHercParis4,20260623141924-w010-027,20260623141924-on-20260310170716-45.532um.tifxyz,119,449,50877,0,0,1.0,OK,OK,1.15,1.15,SKIP,SKIP,,,1
control,PHercParis4,20260623141924-w010-027,20260623141924-on-20260411134726-2.4um.tifxyz,2248,8508,18207208,0,0,1.0,OK,OK,2.25,2.25,REVIEW,REVIEW,9.2,9.2,1
control,PHercParis4,20260623141924-w010-027,intermediate/tifxyz_flattened,564,2129,1141452,0,0,1.0,OK,OK,2.33,2.33,OK,OK,4.3,4.3,1
control,PHercParis4,20260623141924-w010-027,20260623141924-on-20260608103018-1.129um.tifxyz,4775,18070,82050584,0,0,1.0,OK,OK,2.29,2.29,REVIEW,REVIEW,9.3,9.3,1
control,PHercParis4,20260623141924-w010-027,intermediate/tifxyz_normalized,562,2127,1141236,0,0,1.0,OK,OK,2.33,2.33,OK,OK,4.3,4.3,1
flagged,PHercParis4,20260623144957-w053-058,20260623144957-on-20260310170716-45.532um.tifxyz,128,492,57503,0,0,1.0,OK,OK,3.24,3.24,OK,OK,1.4,1.4,1
flagged,PHercParis4,20260623144957-w053-058,20260623144957-on-20230205180739-7.91um.tifxyz,746,2866,1892337,1,1,1.0,WATCH,OK,5.26,4.73,OK,OK,7.0,7.0,1
flagged,PHercParis4,20260623144957-w053-058,20260623144957-on-20260411134726-2.4um.tifxyz,2432,9332,20728160,12,8,1.0,WATCH,OK,5.54,4.98,OK,OK,7.7,7.7,1
flagged,PHercParis4,20260623144957-w053-058,intermediate/tifxyz_flattened,610,2335,1299634,3,2,0.99999,WATCH,OK,5.91,4.9,OK,OK,6.6,6.6,1
flagged,PHercParis4,20260623144957-w053-058,intermediate/tifxyz_normalized,608,2333,1299182,3,2,1.0,WATCH,OK,5.91,4.9,OK,OK,6.6,6.6,1
flagged,PHercParis4,20260623145652-w059-063,20260623145652-on-20230205180739-7.91um.tifxyz,752,2658,1747043,6,5,1.0,WATCH,OK,6.56,4.89,OK,OK,5.7,5.7,1
flagged,PHercParis4,20260623145652-w059-063,20260623145652-on-20260310170716-45.532um.tifxyz,129,456,53069,0,0,1.0,OK,OK,3.1,3.1,OK,OK,1.6,1.6,1
flagged,PHercParis4,20260623145652-w059-063,20260623145652-on-20260411134726-2.4um.tifxyz,2452,8652,19132416,119,84,1.0,WATCH,OK,7.9,4.96,OK,OK,6.5,6.5,1
flagged,PHercParis4,20260623144957-w053-058,20260623144957-on-20260608103018-1.129um.tifxyz,5166,19821,93471160,69,61,1.0,WATCH,OK,5.72,5.0,OK,OK,7.7,7.7,1
flagged,PHercParis4,20260623145652-w059-063,intermediate/tifxyz_flattened,615,2165,1202638,11,8,0.99999,WATCH,OK,8.07,4.91,OK,OK,6.5,6.6,1
flagged,PHercParis4,20260623145652-w059-063,intermediate/tifxyz_normalized,613,2163,1199160,11,9,0.99999,WATCH,OK,8.07,4.91,OK,OK,6.6,6.6,1
control,PHercParis4,20260623153216-w081-084,20260623153216-on-20230205180739-7.91um.tifxyz,760,3014,1986152,0,0,1.0,OK,OK,1.86,1.86,OK,OK,3.0,3.0,1
control,PHercParis4,20260623153216-w081-084,20260623153216-on-20260310170716-45.532um.tifxyz,131,518,60634,0,0,1.0,OK,OK,1.25,1.25,OK,OK,2.0,2.0,1
flagged,PHercParis4,20260623145652-w059-063,20260623145652-on-20260608103018-1.129um.tifxyz,5208,18377,86242189,596,511,0.99999,WATCH,OK,8.06,5.0,OK,OK,6.6,6.6,1
control,PHercParis4,20260623153216-w081-084,20260623153216-on-20260411134726-2.4um.tifxyz,2476,9812,21701192,0,0,1.0,OK,OK,2.11,2.11,OK,OK,3.2,3.2,1
control,PHercParis4,20260623153216-w081-084,intermediate/tifxyz_flattened,621,2455,1360621,0,0,1.0,OK,OK,2.18,2.18,OK,OK,3.1,3.1,1
control,PHercParis4,20260623153216-w081-084,intermediate/tifxyz_normalized,619,2453,1360233,0,0,1.0,OK,OK,2.18,2.18,OK,OK,3.1,3.1,1
control,PHercParis4,20260623162614-w107-109,20260623162614-on-20230205180739-7.91um.tifxyz,768,2907,1870597,0,0,1.0,OK,OK,1.64,1.64,OK,OK,2.8,2.8,1
control,PHercParis4,20260623162614-w107-109,20260623162614-on-20260310170716-45.532um.tifxyz,132,499,56993,0,0,1.0,OK,OK,1.2,1.2,OK,OK,2.5,2.5,1
control,PHercParis4,20260623162614-w107-109,20260623162614-on-20260411134726-2.4um.tifxyz,2504,9464,20512040,0,0,1.0,OK,OK,1.94,1.94,OK,OK,2.7,2.7,1
control,PHercParis4,20260623162614-w107-109,intermediate/tifxyz_flattened,628,2368,1286065,0,0,1.0,OK,OK,2.06,2.06,OK,OK,2.7,2.7,1
control,PHercParis4,20260623162614-w107-109,intermediate/tifxyz_normalized,626,2366,1285625,0,0,1.0,OK,OK,2.06,2.06,OK,OK,2.7,2.7,1
control,PHercParis4,20260623163339-w110-112,20260623163339-on-20230205180739-7.91um.tifxyz,769,2952,1898430,0,0,1.0,OK,OK,2.03,2.03,OK,OK,2.7,2.7,1
control,PHercParis4,20260623163339-w110-112,20260623163339-on-20260310170716-45.532um.tifxyz,132,507,57777,0,0,1.0,OK,OK,1.14,1.14,OK,OK,2.7,2.7,1
control,PHercParis4,20260623153216-w081-084,20260623153216-on-20260608103018-1.129um.tifxyz,5259,20841,97859414,0,0,1.0,OK,OK,2.15,2.15,OK,OK,3.2,3.2,1
control,PHercParis4,20260623163339-w110-112,intermediate/tifxyz_flattened,629,2405,1305524,0,0,1.0,OK,OK,2.33,2.33,OK,OK,2.7,2.7,1
control,PHercParis4,20260623163339-w110-112,intermediate/tifxyz_normalized,627,2403,1305118,0,0,1.0,OK,OK,2.33,2.33,OK,OK,2.7,2.7,1
flagged,PHercParis4,20260623170305-w122-123,20260623170305-on-20230205180739-7.91um.tifxyz,743,2102,1330785,32,19,0.99998,REVIEW,OK,48.54,4.09,REVIEW,OK,33.2,3.1,1
flagged,PHercParis4,20260623170305-w122-123,20260623170305-on-20260310170716-45.532um.tifxyz,128,361,40636,8,2,0.99985,REVIEW,OK,16.76,1.27,WATCH,OK,14.4,2.3,1
control,PHercParis4,20260623163339-w110-112,20260623163339-on-20260411134726-2.4um.tifxyz,2508,9612,20822784,0,0,1.0,OK,OK,2.14,2.14,OK,OK,2.8,2.8,1
flagged,PHercParis4,20260623170305-w122-123,20260623170305-on-20260411134726-2.4um.tifxyz,2424,6844,14589392,540,291,0.99997,REVIEW,OK,113.9,2.73,REVIEW,OK,138.6,2.5,1
flagged,PHercParis4,20260623170305-w122-123,intermediate/tifxyz_flattened,610,1713,914838,20,9,0.99998,REVIEW,OK,113.82,2.89,REVIEW,OK,126.5,2.5,1
flagged,PHercParis4,20260623170305-w122-123,intermediate/tifxyz_normalized,606,1711,914602,20,10,0.99999,REVIEW,OK,113.82,2.89,REVIEW,OK,126.5,2.5,1
flagged,PHercParis4,20260623170833-w124-125,20260623170833-on-20230205180739-7.91um.tifxyz,777,2138,1351255,103,75,0.99989,REVIEW,OK,48.57,5.0,REVIEW,OK,38.4,5.0,1
flagged,PHercParis4,20260623170833-w124-125,20260623170833-on-20260310170716-45.532um.tifxyz,134,367,41312,8,2,0.99995,REVIEW,OK,14.07,4.76,WATCH,OK,11.9,4.8,1
flagged,PHercParis4,20260623170833-w124-125,20260623170833-on-20260411134726-2.4um.tifxyz,2532,6960,14800696,2233,1634,0.99988,REVIEW,OK,105.55,5.0,REVIEW,OK,129.0,5.1,1
flagged,PHercParis4,20260623170833-w124-125,intermediate/tifxyz_flattened,635,1742,928134,127,90,0.99988,REVIEW,OK,107.09,4.94,REVIEW,OK,117.2,5.1,1
flagged,PHercParis4,20260623170833-w124-125,intermediate/tifxyz_normalized,633,1740,927871,127,92,0.99989,REVIEW,OK,107.09,4.94,REVIEW,OK,117.2,5.1,1
flagged,PHercParis4,20260623171400-w126-127,20260623171400-on-20230205180739-7.91um.tifxyz,968,2348,1474764,1208,854,0.99916,REVIEW,OK,86.92,5.0,REVIEW,OK,82.8,7.6,1
flagged,PHercParis4,20260623171400-w126-127,20260623171400-on-20260310170716-45.532um.tifxyz,167,403,45383,20,12,0.99971,REVIEW,OK,25.11,5.0,REVIEW,OK,24.1,5.0,1
flagged,PHercParis4,20260623170305-w122-123,20260623170305-on-20260608103018-1.129um.tifxyz,5149,14537,65786057,2252,1418,0.99997,REVIEW,OK,113.89,4.78,REVIEW,OK,140.5,5.2,1
flagged,PHercParis4,20260623171400-w126-127,intermediate/tifxyz_flattened,793,1917,1019818,1129,798,0.99916,REVIEW,OK,118.9,5.0,REVIEW,OK,116.3,7.2,1
flagged,PHercParis4,20260623171400-w126-127,intermediate/tifxyz_normalized,789,1911,1019516,1129,799,0.99917,REVIEW,OK,118.9,5.0,REVIEW,OK,116.4,7.1,1
flagged,PHercParis4,20260623171929-w128-129,20260623171929-on-20230205180739-7.91um.tifxyz,1082,2392,1623664,776,517,0.99874,REVIEW,OK,94.2,5.0,REVIEW,REVIEW,114.0,10.7,1
flagged,PHercParis4,20260623171929-w128-129,20260623171929-on-20260310170716-45.532um.tifxyz,186,411,50110,18,8,0.99982,REVIEW,OK,29.21,4.99,REVIEW,WATCH,30.9,8.0,1
flagged,PHercParis4,20260623171400-w126-127,20260623171400-on-20260411134726-2.4um.tifxyz,3156,7644,16261216,16177,13087,0.99916,REVIEW,OK,118.43,5.0,REVIEW,OK,123.1,7.8,1
flagged,PHercParis4,20260623171929-w128-129,intermediate/tifxyz_flattened,886,1949,1129362,797,556,0.99947,REVIEW,OK,154.01,5.0,REVIEW,REVIEW,150.8,10.9,1
flagged,PHercParis4,20260623171929-w128-129,intermediate/tifxyz_normalized,882,1947,1129175,796,554,0.99948,REVIEW,OK,154.01,5.0,REVIEW,REVIEW,150.3,10.9,1
flagged,PHercParis4,20260701183124-w010-027,20260701183124-on-20230205180739-7.91um.tifxyz,1070,2611,1829214,0,0,1.0,OK,OK,2.03,2.03,OK,OK,3.5,3.5,1
flagged,PHercParis4,20260701183124-w010-027,20260701183124-on-20260310170716-45.532um.tifxyz,184,448,78453,0,0,1.0,OK,OK,1.76,1.76,WATCH,WATCH,2.1,2.1,1
flagged,PHercParis4,20260623171929-w128-129,20260623171929-on-20260411134726-2.4um.tifxyz,3528,7788,18011184,11727,8750,0.9995,REVIEW,OK,153.49,5.0,REVIEW,REVIEW,203.4,11.2,1
flagged,PHercParis4,20260701183124-w010-027,intermediate/tifxyz_normalized,872,2125,1767991,0,0,0.99999,OK,OK,3.65,3.65,OK,OK,6.4,6.4,1
flagged,PHercParis4,20260701183124-w010-027,intermediate/tifxyz_original,766,1691,1267160,773,691,0.99945,REVIEW,WATCH,11.6,5.0,REVIEW,REVIEW,20.8,17.2,1
flagged,PHercParis4,20260701183125-w028-037,20260701183125-on-20230205180739-7.91um.tifxyz,1098,2682,1908387,0,0,1.0,OK,OK,4.07,4.07,OK,OK,6.0,6.0,1
flagged,PHercParis4,20260701183125-w028-037,20260701183125-on-20260310170716-45.532um.tifxyz,189,461,81876,0,0,1.0,OK,OK,1.66,1.66,SKIP,SKIP,,,1
flagged,PHercParis4,20260701183125-w028-037,20260701183125-on-20260411134726-2.4um.tifxyz,3580,8732,29371664,0,0,1.0,OK,OK,4.08,4.08,REVIEW,REVIEW,9.4,9.4,1
flagged,PHercParis4,20260701183125-w028-037,intermediate/tifxyz_normalized,895,2183,1839890,0,0,0.99999,OK,OK,4.34,4.34,OK,OK,5.7,5.7,1
flagged,PHercParis4,20260701183125-w028-037,intermediate/tifxyz_original,766,1626,1217528,1003,897,0.99924,REVIEW,WATCH,11.24,5.0,WATCH,WATCH,14.0,14.0,1
flagged,PHercParis4,20260701183126-w038-045,20260701183126-on-20230205180739-7.91um.tifxyz,1148,2825,2036209,0,0,0.99999,OK,OK,4.32,4.32,OK,OK,5.9,6.0,1
flagged,PHercParis4,20260701183126-w038-045,20260701183126-on-20260310170716-45.532um.tifxyz,198,485,86786,0,0,0.99991,OK,OK,2.3,2.3,SKIP,SKIP,,,1
flagged,PHercParis4,20260701183124-w010-027,20260701183124-on-20260411134726-2.4um.tifxyz,3488,8500,28221728,0,0,1.0,OK,OK,3.51,3.51,REVIEW,REVIEW,17.3,17.4,1
flagged,PHercParis4,20260701183126-w038-045,20260701183126-on-20260411134726-2.4um.tifxyz,3744,9196,31114832,0,0,0.99999,OK,OK,4.49,4.49,REVIEW,REVIEW,8.9,8.9,1
flagged,PHercParis4,20260701183126-w038-045,intermediate/tifxyz_normalized,936,2299,1949055,0,0,0.99999,OK,OK,4.7,4.7,OK,OK,6.6,6.6,1
flagged,PHercParis4,20260701183127-w046-052,20260701183127-on-20260310170716-45.532um.tifxyz,198,514,92333,0,0,0.99986,OK,OK,2.49,2.49,WATCH,WATCH,2.3,2.3,1
flagged,PHercParis4,20260701183126-w038-045,intermediate/tifxyz_original,766,1655,1239729,1172,1088,0.99907,REVIEW,WATCH,23.26,5.0,REVIEW,REVIEW,15.9,16.0,1
flagged,PHercParis4,20260701183127-w046-052,intermediate/tifxyz_normalized,937,2435,2075290,5,4,0.99999,WATCH,OK,6.17,4.71,WATCH,WATCH,8.4,8.4,1
flagged,PHercParis4,20260701183127-w046-052,intermediate/tifxyz_original,766,1708,1279496,1245,1099,0.99906,REVIEW,WATCH,22.4,5.0,REVIEW,REVIEW,22.4,19.7,1
flagged,PHercParis4,20260701183128-w053-058,20260701183128-on-20260310170716-45.532um.tifxyz,193,488,88354,0,0,1.0,OK,OK,1.83,1.83,OK,OK,2.2,2.2,1
flagged,PHercParis4,20260701183128-w053-058,20260701183128-on-20260411134726-2.4um.tifxyz,3660,9244,31726240,127,98,0.99999,WATCH,OK,6.28,4.99,REVIEW,REVIEW,9.6,9.6,1
flagged,PHercParis4,20260701183128-w053-058,intermediate/tifxyz_normalized,915,2311,1987742,16,11,0.99999,WATCH,OK,6.28,4.98,REVIEW,REVIEW,9.3,9.3,1
flagged,PHercParis4,20260701183128-w053-058,intermediate/tifxyz_original,766,1653,1238455,1650,1402,0.9988,REVIEW,WATCH,21.6,5.0,REVIEW,REVIEW,31.2,24.0,1
flagged,PHercParis4,20260701183129-w059-063,20260701183129-on-20260310170716-45.532um.tifxyz,195,464,83893,0,0,0.99998,OK,OK,3.08,3.08,OK,OK,2.1,2.1,1
flagged,PHercParis4,20260701183127-w046-052,20260701183127-on-20260411134726-2.4um.tifxyz,3748,9740,33124624,54,43,0.99996,WATCH,OK,6.03,4.98,REVIEW,REVIEW,9.6,9.7,1
flagged,PHercParis4,20260701183129-w059-063,intermediate/tifxyz_normalized,923,2200,1887064,1,1,0.99999,WATCH,OK,5.08,4.83,REVIEW,REVIEW,8.5,8.5,1
flagged,PHercParis4,20260701183129-w059-063,intermediate/tifxyz_original,766,1515,1134721,1576,1353,0.99873,REVIEW,WATCH,33.16,5.0,REVIEW,REVIEW,19.9,19.9,1
flagged,PHercParis4,20260701183129-w059-063,20260701183129-on-20260411134726-2.4um.tifxyz,3692,8800,30121056,3,2,0.99999,WATCH,OK,5.05,4.99,REVIEW,REVIEW,8.5,8.5,1
flagged,PHercParis4,20260701183130-w064-068,20260701183130-on-20260310170716-45.532um.tifxyz,195,507,91081,0,0,0.99996,OK,OK,1.77,1.77,OK,OK,1.9,1.9,1
flagged,PHercParis4,20260701183130-w064-068,intermediate/tifxyz_normalized,925,2403,2052455,0,0,1.0,OK,OK,4.09,4.09,REVIEW,REVIEW,8.7,8.6,1
flagged,PHercParis4,20260701183130-w064-068,intermediate/tifxyz_original,766,1635,1224758,822,747,0.99931,REVIEW,WATCH,23.71,5.0,REVIEW,REVIEW,28.3,23.0,1
flagged,PHercParis4,20260701183131-w069-072,20260701183131-on-20260310170716-45.532um.tifxyz,194,435,77759,0,0,0.99999,OK,OK,1.58,1.58,OK,OK,2.1,2.1,1
flagged,PHercParis4,20260701183130-w064-068,20260701183130-on-20260411134726-2.4um.tifxyz,3700,9612,32765520,0,0,1.0,OK,OK,3.89,3.89,REVIEW,REVIEW,8.6,8.7,1
flagged,PHercParis4,20260701183131-w069-072,intermediate/tifxyz_normalized,921,2063,1754769,3,3,0.99999,REVIEW,OK,11.96,4.0,REVIEW,REVIEW,8.4,8.5,1
flagged,PHercParis4,20260701183131-w069-072,20260701183131-on-20260411134726-2.4um.tifxyz,3684,8252,28010464,0,0,1.0,OK,OK,3.04,3.04,REVIEW,REVIEW,8.5,8.5,1
flagged,PHercParis4,20260701183132-w073-076,20260701183132-on-20260310170716-45.532um.tifxyz,212,459,82584,0,0,0.99775,OK,OK,1.96,1.96,OK,OK,2.2,2.2,1
flagged,PHercParis4,20260701183131-w069-072,intermediate/tifxyz_original,766,1398,1047203,631,551,0.99939,REVIEW,WATCH,30.74,5.0,REVIEW,REVIEW,22.3,22.3,1
flagged,PHercParis4,20260701183132-w073-076,intermediate/tifxyz_normalized,1003,2176,1856319,20,12,0.99767,REVIEW,OK,12.25,3.85,REVIEW,REVIEW,8.5,8.5,1
flagged,PHercParis4,20260701183132-w073-076,intermediate/tifxyz_original,766,1477,1106156,650,523,0.99944,REVIEW,OK,38.51,5.0,REVIEW,REVIEW,17.3,17.3,1
flagged,PHercParis4,20260701183133-w077-080,20260701183133-on-20260310170716-45.532um.tifxyz,207,487,87382,6,3,0.99987,WATCH,OK,7.89,3.58,OK,OK,2.2,2.2,1
flagged,PHercParis4,20260701183132-w073-076,20260701183132-on-20260411134726-2.4um.tifxyz,4012,8704,29628016,163,104,0.99777,REVIEW,OK,10.87,4.95,REVIEW,REVIEW,9.9,8.6,1
flagged,PHercParis4,20260701183133-w077-080,intermediate/tifxyz_normalized,981,2307,1966916,109,82,0.99915,REVIEW,OK,161.53,4.91,REVIEW,REVIEW,8.3,8.5,1
flagged,PHercParis4,20260701183133-w077-080,intermediate/tifxyz_original,766,1554,1163717,911,746,0.99928,REVIEW,WATCH,38.21,5.0,REVIEW,REVIEW,16.6,16.5,1
flagged,PHercParis4,20260701183134-w081-084,20260701183134-on-20260310170716-45.532um.tifxyz,208,514,92832,7,6,0.99992,WATCH,OK,7.21,4.3,OK,OK,2.3,2.3,1
flagged,PHercParis4,20260701183134-w081-084,20260701183134-on-20260411134726-2.4um.tifxyz,3936,9752,33316192,4604,2973,0.99811,REVIEW,OK,41.17,5.0,REVIEW,WATCH,20.4,9.2,1
flagged,PHercParis4,20260701183134-w081-084,intermediate/tifxyz_normalized,984,2438,2087252,252,198,0.99797,REVIEW,OK,43.02,4.82,WATCH,WATCH,19.4,9.4,1
flagged,PHercParis4,20260701183134-w081-084,intermediate/tifxyz_original,766,1634,1223547,982,840,0.99924,REVIEW,WATCH,35.06,5.0,REVIEW,REVIEW,19.6,19.6,1
flagged,PHercParis4,20260701183135-w085-088,20260701183135-on-20260310170716-45.532um.tifxyz,207,540,96930,0,0,0.9999,OK,OK,4.98,4.98,OK,OK,2.4,2.4,1
flagged,PHercParis4,20260701183135-w085-088,20260701183135-on-20260411134726-2.4um.tifxyz,3932,10232,34881488,2694,1689,0.99984,REVIEW,OK,26.04,5.0,WATCH,WATCH,11.0,9.7,1
flagged,PHercParis4,20260701183135-w085-088,intermediate/tifxyz_normalized,983,2558,2185114,175,129,0.99978,REVIEW,OK,26.31,4.98,WATCH,WATCH,11.8,9.7,1
flagged,PHercParis4,20260701183133-w077-080,20260701183133-on-20260411134726-2.4um.tifxyz,3924,9228,31394400,2066,1264,0.9992,REVIEW,OK,37.41,4.97,REVIEW,REVIEW,17.2,8.4,1
flagged,PHercParis4,20260701183136-w089-091,20260701183136-on-20260310170716-45.532um.tifxyz,203,430,76264,6,5,0.99993,WATCH,OK,8.17,4.71,OK,OK,2.4,2.4,1
flagged,PHercParis4,20260701183135-w085-088,intermediate/tifxyz_original,766,1713,1283053,974,835,0.9993,REVIEW,WATCH,48.15,5.0,REVIEW,REVIEW,16.2,16.2,1
flagged,PHercParis4,20260701183136-w089-091,intermediate/tifxyz_normalized,961,2038,1715393,271,189,0.99988,REVIEW,OK,46.08,4.91,REVIEW,WATCH,23.7,8.5,1
flagged,PHercParis4,20260701183136-w089-091,intermediate/tifxyz_original,766,1335,1000273,831,717,0.99926,REVIEW,WATCH,26.15,5.0,WATCH,WATCH,13.4,13.4,1
flagged,PHercParis4,20260701183137-w092-094,20260701183137-on-20260310170716-45.532um.tifxyz,201,445,78655,5,5,0.99994,WATCH,OK,6.09,4.34,OK,OK,2.5,2.5,1
flagged,PHercParis4,20260701183136-w089-091,20260701183136-on-20260411134726-2.4um.tifxyz,3844,8152,27380080,4894,3011,0.99989,REVIEW,OK,45.94,5.0,REVIEW,WATCH,22.5,8.4,1
flagged,PHercParis4,20260701183137-w092-094,intermediate/tifxyz_normalized,953,2107,1770392,363,241,0.99969,REVIEW,OK,31.69,4.96,WATCH,OK,11.9,7.7,1
flagged,PHercParis4,20260701183137-w092-094,intermediate/tifxyz_original,766,1380,1033734,958,807,0.99916,REVIEW,WATCH,51.9,5.0,WATCH,WATCH,13.8,10.0,1
flagged,PHercParis4,20260701183138-w095-097,20260701183138-on-20260310170716-45.532um.tifxyz,204,457,80609,26,20,0.99939,WATCH,OK,9.04,4.98,OK,OK,2.6,2.6,1
flagged,PHercParis4,20260701183137-w092-094,20260701183137-on-20260411134726-2.4um.tifxyz,3812,8428,28260336,6646,3949,0.99966,REVIEW,OK,31.18,5.0,WATCH,OK,11.5,7.9,1
flagged,PHercParis4,20260701183138-w095-097,intermediate/tifxyz_normalized,968,2164,1815547,373,271,0.99912,REVIEW,OK,71.08,4.99,REVIEW,OK,51.1,7.7,1
flagged,PHercParis4,20260701183138-w095-097,intermediate/tifxyz_original,766,1425,1067597,958,794,0.99921,REVIEW,WATCH,33.85,5.0,WATCH,WATCH,11.6,11.5,1
flagged,PHercParis4,20260701183139-w098-100,20260701183139-on-20260310170716-45.532um.tifxyz,204,466,82176,4,4,0.99991,WATCH,OK,6.16,4.98,OK,OK,2.6,2.6,1
flagged,PHercParis4,20260701183138-w095-097,20260701183138-on-20260411134726-2.4um.tifxyz,3872,8656,28981616,7431,4481,0.99915,REVIEW,OK,62.33,5.0,REVIEW,OK,47.7,7.8,1
flagged,PHercParis4,20260701183139-w098-100,intermediate/tifxyz_normalized,966,2209,1848550,303,201,0.99986,REVIEW,OK,32.5,4.85,WATCH,OK,15.8,7.6,1
flagged,PHercParis4,20260701183139-w098-100,intermediate/tifxyz_original,766,1468,1099929,901,677,0.9993,REVIEW,WATCH,24.29,5.0,WATCH,WATCH,12.6,11.0,1
flagged,PHercParis4,20260701183140-w101-103,20260701183140-on-20260310170716-45.532um.tifxyz,207,476,84026,21,16,0.9997,REVIEW,OK,14.38,4.45,OK,OK,2.6,2.6,1
flagged,PHercParis4,20260701183140-w101-103,20260701183140-on-20260411134726-2.4um.tifxyz,3916,9020,30119696,8451,5119,0.99972,REVIEW,OK,70.7,5.0,REVIEW,OK,51.2,7.7,1
flagged,PHercParis4,20260701183140-w101-103,intermediate/tifxyz_normalized,979,2255,1886890,440,307,0.9997,REVIEW,OK,71.57,4.86,REVIEW,OK,58.5,7.6,1
flagged,PHercParis4,20260701183140-w101-103,intermediate/tifxyz_original,766,1512,1132984,846,646,0.99937,REVIEW,WATCH,50.77,5.0,WATCH,WATCH,13.4,10.9,1
flagged,PHercParis4,20260701183141-w104-106,20260701183141-on-20260310170716-45.532um.tifxyz,201,481,84858,12,6,0.99989,REVIEW,OK,22.46,4.92,OK,OK,3.9,3.9,1
flagged,PHercParis4,20260701183141-w104-106,20260701183141-on-20260411134726-2.4um.tifxyz,3816,9124,30562720,7609,4461,0.99984,REVIEW,OK,160.72,5.0,REVIEW,OK,397.4,7.9,1
flagged,PHercParis4,20260701183141-w104-106,intermediate/tifxyz_normalized,954,2281,1914631,422,277,0.99985,REVIEW,OK,160.75,4.94,REVIEW,OK,366.6,7.7,1
flagged,PHercParis4,20260701183141-w104-106,intermediate/tifxyz_original,766,1557,1167004,877,652,0.99937,REVIEW,WATCH,25.73,5.0,WATCH,WATCH,12.5,13.2,1
flagged,PHercParis4,20260701183142-w107-109,20260701183142-on-20260310170716-45.532um.tifxyz,200,492,86912,8,2,0.99997,REVIEW,OK,25.08,4.36,OK,OK,3.8,3.8,1
flagged,PHercParis4,20260701183139-w098-100,20260701183139-on-20260411134726-2.4um.tifxyz,3864,8836,29506448,5602,3274,0.99944,REVIEW,OK,32.48,4.99,REVIEW,OK,21.3,7.8,1
flagged,PHercParis4,20260701183142-w107-109,intermediate/tifxyz_normalized,949,2331,1958358,368,264,0.99985,REVIEW,OK,161.11,4.99,REVIEW,OK,375.1,7.7,1
flagged,PHercParis4,20260701183142-w107-109,intermediate/tifxyz_original,766,1602,1200835,919,690,0.9993,REVIEW,WATCH,62.05,5.0,WATCH,WATCH,18.1,12.5,1
flagged,PHercParis4,20260701183143-w110-112,20260701183143-on-20260310170716-45.532um.tifxyz,198,502,88415,22,8,0.99985,REVIEW,OK,31.67,4.45,WATCH,OK,8.4,2.8,1
flagged,PHercParis4,20260701183142-w107-109,20260701183142-on-20260411134726-2.4um.tifxyz,3796,9324,31262208,6848,4024,0.99986,REVIEW,OK,161.17,5.0,REVIEW,OK,406.9,7.7,1
flagged,PHercParis4,20260701183143-w110-112,intermediate/tifxyz_normalized,940,2379,1993282,503,338,0.9998,REVIEW,OK,165.85,4.99,REVIEW,OK,385.9,7.6,1
flagged,PHercParis4,20260701183143-w110-112,intermediate/tifxyz_original,766,1645,1232982,994,788,0.99928,REVIEW,WATCH,63.14,5.0,REVIEW,WATCH,20.0,13.2,1
flagged,PHercParis4,20260701183144-w113-115,20260701183144-on-20260310170716-45.532um.tifxyz,198,511,90169,29,9,0.9999,REVIEW,OK,41.1,4.83,REVIEW,OK,51.8,2.9,1
flagged,PHercParis4,20260701183143-w110-112,20260701183143-on-20260411134726-2.4um.tifxyz,3760,9516,31819616,9579,5405,0.9998,REVIEW,OK,165.69,5.0,REVIEW,OK,423.7,7.7,1
flagged,PHercParis4,20260701183144-w113-115,intermediate/tifxyz_normalized,936,2422,2024395,458,319,0.99974,REVIEW,OK,192.11,4.99,REVIEW,OK,354.7,7.6,1
flagged,PHercParis4,20260701183144-w113-115,20260701183144-on-20260411134726-2.4um.tifxyz,3744,9688,32316240,8724,5155,0.99978,REVIEW,OK,192.25,5.0,REVIEW,OK,352.7,7.6,1
flagged,PHercParis4,20260701183144-w113-115,intermediate/tifxyz_original,766,1689,1265467,1160,918,0.99908,REVIEW,WATCH,51.98,5.0,REVIEW,WATCH,20.4,15.0,1
flagged,PHercParis4,20260701183145-w116-117,20260701183145-on-20260310170716-45.532um.tifxyz,198,355,61530,25,11,0.99982,REVIEW,OK,31.11,4.95,REVIEW,OK,30.1,3.3,1
flagged,PHercParis4,20260701183145-w116-117,intermediate/tifxyz_normalized,937,1683,1384195,406,256,0.99968,REVIEW,OK,163.16,4.92,REVIEW,OK,404.0,7.4,1
flagged,PHercParis4,20260701183145-w116-117,intermediate/tifxyz_original,766,1151,862241,898,698,0.99891,REVIEW,WATCH,59.37,5.0,REVIEW,WATCH,20.6,11.6,1
flagged,PHercParis4,20260701183146-w118-119,20260701183146-on-20260310170716-45.532um.tifxyz,198,361,62058,33,13,0.99974,REVIEW,OK,30.78,4.75,REVIEW,OK,29.2,3.1,1
flagged,PHercParis4,20260701183146-w118-119,20260701183146-on-20260411134726-2.4um.tifxyz,3760,6840,22333280,7097,4027,0.99973,REVIEW,OK,157.51,5.0,REVIEW,OK,291.4,7.5,1
flagged,PHercParis4,20260701183146-w118-119,intermediate/tifxyz_normalized,940,1710,1399444,355,219,0.99974,REVIEW,OK,158.22,4.99,REVIEW,OK,298.9,7.4,1
flagged,PHercParis4,20260701183146-w118-119,intermediate/tifxyz_original,766,1171,877193,922,720,0.99886,REVIEW,WATCH,51.68,5.0,REVIEW,WATCH,20.6,14.2,1
flagged,PHercParis4,20260701183147-w120-121,20260701183147-on-20260310170716-45.532um.tifxyz,201,365,63195,44,19,0.99953,REVIEW,OK,31.65,4.88,REVIEW,OK,30.5,3.3,1
flagged,PHercParis4,20260701183147-w120-121,20260701183147-on-20260411134726-2.4um.tifxyz,3800,6912,22627200,11900,6755,0.99933,REVIEW,OK,161.78,5.0,REVIEW,OK,518.2,7.5,1
flagged,PHercParis4,20260701183147-w120-121,intermediate/tifxyz_normalized,950,1728,1417933,581,387,0.99929,REVIEW,OK,173.67,5.0,REVIEW,OK,419.0,7.4,1
flagged,PHercParis4,20260701183147-w120-121,intermediate/tifxyz_original,766,1191,892321,1238,892,0.99864,REVIEW,WATCH,52.29,5.0,REVIEW,WATCH,20.6,14.2,1
flagged,PHercParis4,20260701183148-w122-123,20260701183148-on-20260310170716-45.532um.tifxyz,209,362,63072,46,21,0.99949,REVIEW,OK,33.17,4.98,REVIEW,OK,29.4,5.2,1
flagged,PHercParis4,20260701183145-w116-117,20260701183145-on-20260411134726-2.4um.tifxyz,3748,6732,22090640,8427,4663,0.99969,REVIEW,OK,162.59,5.0,REVIEW,OK,155.3,7.5,1
flagged,PHercParis4,20260701183148-w122-123,intermediate/tifxyz_normalized,988,1717,1417887,1152,788,0.99878,REVIEW,OK,171.24,4.98,REVIEW,OK,423.0,7.2,1
flagged,PHercParis4,20260701183148-w122-123,intermediate/tifxyz_original,766,1210,906977,1912,1319,0.99788,REVIEW,WATCH,56.61,5.0,REVIEW,WATCH,22.6,9.2,1
flagged,PHercParis4,20260701183149-w124-125,20260701183149-on-20260310170716-45.532um.tifxyz,221,378,65154,50,22,0.99913,REVIEW,OK,37.43,4.84,REVIEW,OK,29.3,5.0,1
flagged,PHercParis4,20260701183148-w122-123,20260701183148-on-20260411134726-2.4um.tifxyz,3952,6868,22623216,21126,14023,0.99875,REVIEW,OK,171.31,5.0,REVIEW,OK,510.2,7.4,1
flagged,PHercParis4,20260701183149-w124-125,intermediate/tifxyz_normalized,1049,1792,1470752,1666,1101,0.99883,REVIEW,OK,179.68,5.0,REVIEW,OK,420.7,7.2,1
flagged,PHercParis4,20260701183149-w124-125,intermediate/tifxyz_original,766,1229,921646,3674,2236,0.99682,REVIEW,WATCH,49.39,5.0,REVIEW,WATCH,32.1,8.2,1
flagged,PHercParis4,20260701183150-w126-127,20260701183150-on-20260310170716-45.532um.tifxyz,248,408,72670,42,20,0.99959,REVIEW,OK,32.72,4.91,REVIEW,OK,30.3,5.4,1
flagged,PHercParis4,20260701183149-w124-125,20260701183149-on-20260411134726-2.4um.tifxyz,4196,7168,23463616,26559,18488,0.9989,REVIEW,OK,178.99,5.0,REVIEW,OK,215.9,7.3,1
flagged,PHercParis4,20260701183150-w126-127,intermediate/tifxyz_normalized,1176,1936,1639945,1969,1379,0.99904,REVIEW,OK,192.38,5.0,REVIEW,WATCH,449.6,15.0,1
flagged,PHercParis4,20260701183150-w126-127,intermediate/tifxyz_original,766,1249,936998,8502,4752,0.99296,REVIEW,WATCH,43.95,5.01,REVIEW,WATCH,36.5,9.3,1
flagged,PHercParis4,20260701183151-w128-129,20260701183151-on-20260310170716-45.532um.tifxyz,236,375,67565,38,21,0.99963,REVIEW,OK,25.96,4.87,REVIEW,OK,24.2,5.7,1
flagged,PHercParis4,20260701183150-w126-127,20260701183150-on-20260411134726-2.4um.tifxyz,4704,7744,26161424,30993,21423,0.99899,REVIEW,WATCH,192.63,5.0,REVIEW,WATCH,160.9,14.8,1
flagged,PHercParis4,20260701183151-w128-129,intermediate/tifxyz_normalized,1118,1779,1522613,2032,1404,0.99883,REVIEW,OK,184.1,5.0,REVIEW,WATCH,405.0,14.3,1
flagged,PHercParis4,20260701183151-w128-129,intermediate/tifxyz_original,766,1269,952514,10419,6409,0.99208,REVIEW,WATCH,55.49,5.01,REVIEW,WATCH,42.4,10.7,1
control,PHerc1667,20251220020000-w030_2025122002_flatboi,20251220020000-on-20231107190228-3.24um.tifxyz,1391,1165,1379880,0,0,1.0,OK,OK,1.36,1.36,OK,OK,6.8,6.8,1
control,PHerc1667,20251220020000-w030_2025122002_flatboi,20251220020000-on-20231117161658-7.91um.tifxyz,576,485,239173,0,0,0.99995,OK,OK,1.38,1.38,OK,OK,5.7,5.7,1
control,PHerc1667,20251220020000-w030_2025122002_flatboi,20251220020000-on-20251217075048-2.399um.tifxyz,1890,1586,2552669,0,0,1.0,OK,OK,1.37,1.37,OK,OK,6.8,6.8,1
flagged,PHercParis4,20260701183151-w128-129,20260701183151-on-20260411134726-2.4um.tifxyz,4472,7116,24286800,30784,21195,0.99896,REVIEW,WATCH,183.03,5.0,REVIEW,WATCH,1164.8,14.4,1
control,PHerc1667,20251220020000-w030_2025122002_flatboi,intermediate/tifxyz_flattened,586,487,240659,0,0,0.99995,OK,OK,1.56,1.56,OK,OK,5.8,5.8,1
control,PHerc1667,20251220020000-w030_2025122002_flatboi,intermediate/tifxyz_normalized,576,485,239173,0,0,0.99995,OK,OK,1.38,1.38,OK,OK,5.7,5.7,1
control,PHerc1667,20260108140509-w011_20260108140509268_flatboi,20260108140509-on-20231107190228-3.24um.tifxyz,1453,540,625969,0,0,1.0,OK,OK,2.23,2.23,OK,OK,7.5,7.5,1
control,PHerc1667,20260108140509-w011_20260108140509268_flatboi,20260108140509-on-20231117161658-7.91um.tifxyz,602,225,109132,0,0,0.99999,OK,OK,2.32,2.32,OK,OK,3.6,3.6,1
control,PHerc1667,20260108140509-w011_20260108140509268_flatboi,20260108140509-on-20251217075048-2.399um.tifxyz,1975,736,1159588,0,0,1.0,OK,OK,2.28,2.28,OK,OK,7.9,7.9,1
control,PHerc1667,20260108140509-w011_20260108140509268_flatboi,20260108140509-on-20260323082859-1.129um.tifxyz,4224,1552,3793753,0,0,1.0,OK,OK,2.27,2.27,OK,OK,7.3,7.3,1
control,PHerc1667,20251220020000-w030_2025122002_flatboi,20251220020000-on-20260323082859-1.129um.tifxyz,4043,3346,8191603,0,0,1.0,OK,OK,1.37,1.37,OK,OK,1.8,1.8,1
control,PHerc1667,20260108140509-w011_20260108140509268_flatboi,intermediate/tifxyz_flattened,605,244,110590,0,0,0.99999,OK,OK,2.87,2.87,OK,OK,3.9,3.9,1
control,PHerc1667,20260108140509-w011_20260108140509268_flatboi,intermediate/tifxyz_normalized,602,225,109132,0,0,0.99999,OK,OK,2.32,2.32,OK,OK,3.6,3.6,1
control,PHerc1667,20260110010000-w033_2026011001_flatboi,20260110010000-on-20231117161658-7.91um.tifxyz,550,483,197022,0,0,1.0,OK,OK,1.44,1.44,OK,OK,1.8,1.8,1
control,PHerc1667,20260110010000-w033_2026011001_flatboi,20260110010000-on-20231107190228-3.24um.tifxyz,1328,1160,1135290,0,0,1.0,OK,OK,1.42,1.42,OK,OK,1.8,1.8,1
control,PHerc1667,20260110010000-w033_2026011001_flatboi,20260110010000-on-20251217075048-2.399um.tifxyz,1805,1579,2100464,0,0,1.0,OK,OK,1.44,1.44,OK,OK,1.8,1.8,1
control,PHerc1667,20260110010000-w033_2026011001_flatboi,intermediate/tifxyz_flattened,555,492,198332,0,0,1.0,OK,OK,1.63,1.63,OK,OK,1.9,1.9,1
control,PHerc1667,20260110010000-w033_2026011001_flatboi,intermediate/tifxyz_normalized,550,483,197022,0,0,1.0,OK,OK,1.44,1.44,OK,OK,1.8,1.8,1
flagged,PHerc1667,20260116230000-w035_2026011623_flatboi,20260116230000-on-20231107190228-3.24um.tifxyz,1350,1196,1191240,0,0,1.0,OK,OK,4.04,4.04,OK,OK,2.8,2.8,1
flagged,PHerc1667,20260116230000-w035_2026011623_flatboi,20260116230000-on-20231117161658-7.91um.tifxyz,559,498,206641,0,0,1.0,OK,OK,4.07,4.07,OK,OK,2.7,2.7,1
control,PHerc1667,20260110010000-w033_2026011001_flatboi,20260110010000-on-20260323082859-1.129um.tifxyz,3860,3332,7338107,0,0,1.0,OK,OK,1.44,1.44,OK,OK,1.8,1.8,1
flagged,PHerc1667,20260116230000-w035_2026011623_flatboi,20260116230000-on-20251217075048-2.399um.tifxyz,1834,1628,2202823,0,0,1.0,OK,OK,3.81,3.81,OK,OK,2.7,2.7,1
flagged,PHerc1667,20260116230000-w035_2026011623_flatboi,intermediate/tifxyz_flattened,566,511,208136,1,1,1.0,WATCH,OK,5.68,2.71,OK,OK,2.8,2.8,1
flagged,PHerc1667,20260116230000-w035_2026011623_flatboi,intermediate/tifxyz_normalized,559,498,206641,0,0,1.0,OK,OK,4.07,4.07,OK,OK,2.7,2.7,1
flagged,PHerc1667,20260119120000-w036_2026011912_flatboi,20260119120000-on-20231107190228-3.24um.tifxyz,1468,1217,1163174,0,0,0.99878,OK,OK,2.36,2.36,OK,OK,5.8,5.8,1
flagged,PHerc1667,20260119120000-w036_2026011912_flatboi,20260119120000-on-20231117161658-7.91um.tifxyz,608,507,202737,0,0,1.0,OK,OK,2.79,2.79,OK,OK,3.2,3.2,1
flagged,PHerc1667,20260116230000-w035_2026011623_flatboi,20260116230000-on-20260323082859-1.129um.tifxyz,3921,3436,8240837,0,0,0.99992,OK,OK,4.06,4.06,OK,OK,2.1,2.1,1
flagged,PHerc1667,20260119120000-w036_2026011912_flatboi,20260119120000-on-20251217075048-2.399um.tifxyz,1995,1658,2160424,0,0,1.0,OK,OK,2.66,2.66,OK,OK,6.0,6.0,1
flagged,PHerc1667,20260119120000-w036_2026011912_flatboi,intermediate/tifxyz_flattened,608,515,204287,1,1,1.0,WATCH,OK,5.25,3.61,OK,OK,5.1,3.9,1
flagged,PHerc1667,20260119120000-w036_2026011912_flatboi,intermediate/tifxyz_normalized,608,507,202737,0,0,1.0,OK,OK,2.79,2.79,OK,OK,3.2,3.2,1
control,PHerc1667,20260203210000-w040_2026020321_flatboi,20260203210000-on-20231107190228-3.24um.tifxyz,1292,1158,905584,0,0,1.0,OK,OK,1.59,1.59,REVIEW,REVIEW,8.0,8.0,1
control,PHerc1667,20260203210000-w040_2026020321_flatboi,20260203210000-on-20231117161658-7.91um.tifxyz,535,482,157369,0,0,0.99999,OK,OK,1.71,1.71,REVIEW,REVIEW,7.9,7.8,1
control,PHerc1667,20260203210000-w040_2026020321_flatboi,20260203210000-on-20251217075048-2.399um.tifxyz,1756,1576,1676298,0,0,1.0,OK,OK,1.65,1.65,REVIEW,REVIEW,8.0,8.0,1
flagged,PHerc1667,20260119120000-w036_2026011912_flatboi,20260119120000-on-20260323082859-1.129um.tifxyz,4267,3497,8230895,0,0,0.99983,OK,OK,2.65,2.65,OK,OK,6.6,6.6,1
control,PHerc1667,20260203210000-w040_2026020321_flatboi,intermediate/tifxyz_flattened,528,486,158597,0,0,0.99996,OK,OK,2.13,2.13,REVIEW,REVIEW,8.1,8.7,1
control,PHerc1667,20260203210000-w040_2026020321_flatboi,intermediate/tifxyz_normalized,535,482,157369,0,0,0.99999,OK,OK,1.71,1.71,REVIEW,REVIEW,7.9,7.8,1
control,PHerc1667,20260203210000-w040_2026020321_flatboi,20260203210000-on-20260323082859-1.129um.tifxyz,3756,3327,6694064,0,0,1.0,OK,OK,1.68,1.68,WATCH,WATCH,8.1,8.2,1
flagged,PHerc1667,20260612121456-w011_20260108140509268_merged_v4_flatboi_straightened_v4,20260612121456-on-20231117161658-7.91um.tifxyz,628,9204,4392753,12,9,0.99998,WATCH,OK,8.83,4.91,WATCH,WATCH,12.8,12.5,1
flagged,PHerc1667,20260612121456-w011_20260108140509268_merged_v4_flatboi_straightened_v4,20260612121456-on-20231107190228-3.24um.tifxyz,1517,22090,25283179,33,22,0.99999,WATCH,OK,8.35,4.97,WATCH,WATCH,11.6,11.5,1
flagged,PHerc1667,20260612121456-w011_20260108140509268_merged_v4_flatboi_straightened_v4,intermediate/tifxyz_flattened,709,9205,4406752,12,9,0.99998,WATCH,OK,8.82,4.91,WATCH,WATCH,12.8,12.7,1
flagged,PHerc1667,20260612121456-w011_20260108140509268_merged_v4_flatboi_straightened_v4,intermediate/tifxyz_normalized,628,9204,4392753,12,9,0.99998,WATCH,OK,8.83,4.91,WATCH,WATCH,12.8,12.5,1
control,PHerc0814,20250928235954-auto_grown_20250928235953722_copy,20250928235954-on-20250804134230-9.362um.tifxyz,30,45,863,0,0,1.0,OK,OK,1.04,1.04,SKIP,SKIP,,,1
control,PHerc0814,20250928235954-auto_grown_20250928235953722_copy,20250928235954-on-20260309142202-2.399um.tifxyz,117,174,13235,0,0,1.0,OK,OK,1.07,1.07,REVIEW,REVIEW,9.8,9.8,1
control,PHerc0814,20250928235954-auto_grown_20250928235953722_copy,20250928235954-on-20260521123630-1.129um.tifxyz,249,370,58575,0,0,1.0,OK,OK,1.06,1.06,REVIEW,REVIEW,11.2,11.2,1
control,PHerc0814,20250928235954-auto_grown_20250928235953722_copy,intermediate/tifxyz_flattened,115,176,13637,0,0,1.0,OK,OK,1.08,1.08,REVIEW,REVIEW,11.0,11.0,1
control,PHerc0814,20250928235954-auto_grown_20250928235953722_copy,intermediate/tifxyz_normalized,117,174,13235,0,0,1.0,OK,OK,1.07,1.07,REVIEW,REVIEW,9.8,9.8,1
control,PHerc0814,20260226000000-46527_2um_try2,20260226000000-on-20250804134230-9.362um.tifxyz,109,178,11479,0,0,0.99983,OK,OK,1.17,1.17,OK,OK,4.0,4.0,1
control,PHerc0814,20260226000000-46527_2um_try2,20260226000000-on-20260309142202-2.399um.tifxyz,426,691,175568,0,0,0.99999,OK,OK,1.19,1.19,REVIEW,REVIEW,13.1,13.1,1
control,PHerc0814,20260226000000-46527_2um_try2,20260226000000-on-20260521123630-1.129um.tifxyz,906,1470,787788,0,0,0.99999,OK,OK,1.17,1.17,REVIEW,REVIEW,13.4,13.4,1
control,PHerc0814,20260226000000-46527_2um_try2,intermediate/tifxyz_flattened,510,656,177058,0,0,0.99999,OK,OK,1.28,1.28,REVIEW,REVIEW,12.2,12.2,1
control,PHerc0814,20260226000000-46527_2um_try2,intermediate/tifxyz_normalized,426,691,175568,0,0,0.99999,OK,OK,1.19,1.19,REVIEW,REVIEW,13.1,13.1,1
control,PHerc0814,20260226113324-auto_grown_20260226113324624_abf,20260226113324-on-20250804134230-9.362um.tifxyz,30,49,883,0,0,1.0,OK,OK,1.07,1.07,SKIP,SKIP,,,1
control,PHerc0814,20260226113324-auto_grown_20260226113324624_abf,20260226113324-on-20260309142202-2.399um.tifxyz,116,192,13634,0,0,1.0,OK,OK,1.09,1.09,REVIEW,REVIEW,11.2,11.2,1
control,PHerc0814,20260226113324-auto_grown_20260226113324624_abf,20260226113324-on-20260521123630-1.129um.tifxyz,247,408,60084,0,0,1.0,OK,OK,1.09,1.09,REVIEW,REVIEW,11.0,11.0,1
control,PHerc0814,20260226113324-auto_grown_20260226113324624_abf,intermediate/tifxyz_flattened,151,181,14049,0,0,0.99993,OK,OK,1.87,1.87,REVIEW,REVIEW,10.9,10.9,1
control,PHerc0814,20260226113324-auto_grown_20260226113324624_abf,intermediate/tifxyz_normalized,116,192,13634,0,0,1.0,OK,OK,1.09,1.09,REVIEW,REVIEW,11.2,11.2,1
control,PHerc0814,20260226121302-auto_grown_20260226121302716_abf,20260226121302-on-20250804134230-9.362um.tifxyz,30,49,870,0,0,1.0,OK,OK,1.04,1.04,SKIP,SKIP,,,1
control,PHerc0814,20260226121302-auto_grown_20260226121302716_abf,20260226121302-on-20260309142202-2.399um.tifxyz,118,192,13742,0,0,1.0,OK,OK,1.09,1.09,REVIEW,REVIEW,9.6,9.6,1
flagged,PHerc1667,20260612121456-w011_20260108140509268_merged_v4_flatboi_straightened_v4,20260612121456-on-20251217075048-2.399um.tifxyz,2061,30097,46810081,80,55,0.99999,WATCH,OK,8.35,5.0,WATCH,WATCH,12.4,12.4,1
control,PHerc0814,20260226121302-auto_grown_20260226121302716_abf,intermediate/tifxyz_flattened,94,198,14169,0,0,1.0,OK,OK,1.12,1.12,REVIEW,REVIEW,11.4,11.4,1
control,PHerc0814,20260226121302-auto_grown_20260226121302716_abf,20260226121302-on-20260521123630-1.129um.tifxyz,251,408,60514,0,0,1.0,OK,OK,1.09,1.09,REVIEW,REVIEW,10.9,10.9,1
control,PHerc0814,20260226121302-auto_grown_20260226121302716_abf,intermediate/tifxyz_normalized,118,192,13742,0,0,1.0,OK,OK,1.09,1.09,REVIEW,REVIEW,9.6,9.6,1
control,PHerc1447,20250502182142-auto_grown_20250502161324419,20250502182142-on-20250521151220-8.64um.tifxyz,188,128,12081,0,0,1.0,OK,OK,1.03,1.03,REVIEW,REVIEW,8.8,8.8,1
control,PHerc1447,20250502182142-auto_grown_20250502161324419,intermediate/tifxyz_normalized,188,128,12081,0,0,1.0,OK,OK,1.03,1.03,REVIEW,REVIEW,8.8,8.8,1
control,PHerc1447,20250502182142-auto_grown_20250502161324419,intermediate/tifxyz_original,118,196,12659,0,0,1.0,OK,OK,1.17,1.17,REVIEW,REVIEW,9.3,9.3,1
control,PHerc1447,20250502182456-auto_grown_20250502161202782,20250502182456-on-20250521151220-8.64um.tifxyz,236,162,19127,0,0,1.0,OK,OK,1.06,1.06,OK,OK,4.5,4.5,1
control,PHerc1447,20250502182456-auto_grown_20250502161202782,intermediate/tifxyz_normalized,236,162,19127,0,0,1.0,OK,OK,1.06,1.06,OK,OK,4.5,4.5,1
control,PHerc1447,20250502182456-auto_grown_20250502161202782,intermediate/tifxyz_original,160,232,19984,0,0,1.0,OK,OK,1.4,1.4,OK,OK,4.4,4.4,1
flagged,PHerc1447,20251105093211-z_dbg_gen_00320,20251105093211-on-20250521151220-8.64um.tifxyz,682,411,28064,1016,696,0.95795,SPARSE,SPARSE,22.5,4.99,REVIEW,REVIEW,18.9,19.2,1
flagged,PHerc1447,20251105093211-z_dbg_gen_00320,intermediate/tifxyz_normalized,682,411,28064,1016,696,0.95795,SPARSE,SPARSE,22.5,4.99,REVIEW,REVIEW,18.9,19.2,1
flagged,PHerc1447,20251105093211-z_dbg_gen_00320,intermediate/tifxyz_original,212,200,23557,115,37,0.99843,REVIEW,OK,318.85,1.65,REVIEW,REVIEW,77.6,11.0,1
flagged,PHerc1447,20251105093211-z_dbg_gen_00320,tifxyz,682,411,28064,1016,696,0.95795,SPARSE,SPARSE,22.5,4.99,REVIEW,REVIEW,18.9,19.2,1
flagged,PHercMANBp,20251217234605-w2_20251217234605189,intermediate/tifxyz_original,762,731,398348,1759,1511,0.99618,REVIEW,WATCH,20.56,5.01,REVIEW,REVIEW,46.0,45.6,1
control,PHercMANBp,20251222204911-w6_20251222204911527,intermediate/tifxyz_original,360,224,47001,0,0,1.0,OK,OK,2.99,2.99,REVIEW,REVIEW,19.1,19.1,1
flagged,PHerc0841,20260220213127-w00,20260220213127-on-20250821151531-9.366um.tifxyz,211,238,36829,0,0,1.0,OK,OK,1.65,1.65,OK,OK,5.8,5.8,1
flagged,PHerc0841,20260220213127-w00,intermediate/tifxyz_normalized,211,238,36829,0,0,1.0,OK,OK,1.65,1.65,OK,OK,5.8,5.8,1
flagged,PHerc0841,20260220213127-w00,20260220213127-on-20260319124803-2.403um.tifxyz,823,928,545772,0,0,1.0,OK,OK,1.41,1.41,REVIEW,REVIEW,10.6,10.6,1
flagged,PHerc0841,20260220213127-w00,intermediate/tifxyz_original,221,252,37543,2,1,0.99995,REVIEW,OK,31.64,2.32,OK,OK,7.4,7.4,1
flagged,PHerc0841,20260220214732-auto_grown_20260220144552896,20260220214732-on-20250821151531-9.366um.tifxyz,232,236,37027,0,0,1.0,OK,OK,1.8,1.8,OK,OK,4.9,4.9,1
flagged,PHerc0841,20260220214732-auto_grown_20260220144552896,intermediate/tifxyz_normalized,232,236,37027,0,0,1.0,OK,OK,1.8,1.8,OK,OK,4.9,4.9,1
flagged,PHerc0841,20260220214732-auto_grown_20260220144552896,20260220214732-on-20260319124803-2.403um.tifxyz,904,920,547255,0,0,1.0,OK,OK,1.62,1.62,REVIEW,REVIEW,9.8,9.8,1
flagged,PHerc0841,20260220214732-auto_grown_20260220144552896,intermediate/tifxyz_original,225,256,37596,6,3,0.99989,REVIEW,OK,21.57,4.53,OK,OK,6.2,6.2,1
flagged,PHerc0841,20260221022814-auto_grown_20260220174252405,20260221022814-on-20250821151531-9.366um.tifxyz,188,245,34875,0,0,0.99997,OK,OK,1.76,1.76,OK,OK,5.9,5.9,1
flagged,PHerc0841,20260221022814-auto_grown_20260220174252405,intermediate/tifxyz_normalized,188,245,34875,0,0,0.99997,OK,OK,1.76,1.76,OK,OK,5.9,5.9,1
flagged,PHerc0841,20260221022814-auto_grown_20260220174252405,20260221022814-on-20260319124803-2.403um.tifxyz,733,955,522534,0,0,1.0,OK,OK,1.57,1.57,REVIEW,REVIEW,11.0,11.0,1
flagged,PHerc0841,20260221022814-auto_grown_20260220174252405,intermediate/tifxyz_original,225,256,34728,0,0,1.0,OK,OK,2.45,2.45,OK,OK,5.9,5.9,1
flagged,PHercMAN5,20260321025901-MAN5_outer_3,intermediate/tifxyz_flattened,1206,1495,1542372,1,1,1.0,WATCH,OK,5.34,4.49,OK,OK,5.4,5.4,1
flagged,PHerc0172,20250926112011-w078_20250926112011918_flatboi,20250926112011-on-20241024131838-7.91um.tifxyz,685,625,353232,1288,1049,0.99685,WATCH,WATCH,7.78,5.0,WATCH,OK,13.8,4.0,1
flagged,PHerc0172,20250926112011-w078_20250926112011918_flatboi,20250926112011-on-20241024131839-7.91um.tifxyz,685,625,353232,1288,1049,0.99685,WATCH,WATCH,7.78,5.0,WATCH,OK,13.8,4.0,1
flagged,PHerc0172,20250926112011-w078_20250926112011918_flatboi,intermediate/tifxyz_flattened,695,629,354938,1361,1124,0.99664,WATCH,OK,8.7,5.0,WATCH,OK,14.7,4.2,1
flagged,PHerc0172,20250926112011-w078_20250926112011918_flatboi,intermediate/tifxyz_normalized,685,625,353232,1288,1049,0.99685,WATCH,WATCH,7.78,5.0,WATCH,OK,13.8,4.0,1
flagged,PHerc0172,20250926114310-w080_20250926114310705_flatboi,20250926114310-on-20241024131838-7.91um.tifxyz,624,571,271932,0,0,1.0,OK,OK,3.03,3.03,OK,OK,3.2,3.2,1
flagged,PHerc0172,20250926114310-w080_20250926114310705_flatboi,intermediate/tifxyz_flattened,642,578,273851,1,1,0.99999,REVIEW,OK,13.61,4.45,OK,OK,3.2,3.2,1
flagged,PHerc0172,20250926114310-w080_20250926114310705_flatboi,20250926114310-on-20241024131839-7.91um.tifxyz,624,571,271932,0,0,1.0,OK,OK,3.03,3.03,OK,OK,3.2,3.2,1
flagged,PHerc0172,20250926114310-w080_20250926114310705_flatboi,intermediate/tifxyz_normalized,624,571,271932,0,0,1.0,OK,OK,3.03,3.03,OK,OK,3.2,3.2,1
flagged,PHerc0172,20250926122938-w082_20250926122938619_flatboi,20250926122938-on-20241024131838-7.91um.tifxyz,716,576,307433,0,0,0.99996,OK,OK,2.49,2.49,OK,OK,4.2,4.2,1
flagged,PHerc0172,20250926122938-w082_20250926122938619_flatboi,20250926122938-on-20241024131839-7.91um.tifxyz,716,576,307433,0,0,0.99996,OK,OK,2.49,2.49,OK,OK,4.2,4.2,1
flagged,PHerc0172,20250926122938-w082_20250926122938619_flatboi,intermediate/tifxyz_flattened,721,587,309961,2,2,0.99999,WATCH,OK,9.22,3.98,OK,OK,5.8,5.8,1
flagged,PHerc0172,20250926153406-w088_20250926153406704_flatboi,20250926153406-on-20241024131838-7.91um.tifxyz,728,625,286424,349,162,0.99687,REVIEW,OK,40.0,4.99,REVIEW,OK,51.1,5.8,1
flagged,PHerc0172,20250926122938-w082_20250926122938619_flatboi,intermediate/tifxyz_normalized,716,576,307433,0,0,0.99996,OK,OK,2.49,2.49,OK,OK,4.2,4.2,1
flagged,PHerc0172,20250926153406-w088_20250926153406704_flatboi,intermediate/tifxyz_flattened,812,747,294100,562,297,0.99094,SPARSE,SPARSE,87.54,4.99,REVIEW,OK,85.6,7.4,1
flagged,PHerc0172,20250926153406-w088_20250926153406704_flatboi,20250926153406-on-20241024131839-7.91um.tifxyz,728,625,286424,349,162,0.99687,REVIEW,OK,40.0,4.99,REVIEW,OK,51.1,5.8,1
flagged,PHerc0172,20250926153406-w088_20250926153406704_flatboi,intermediate/tifxyz_normalized,728,625,286424,349,162,0.99687,REVIEW,OK,40.0,4.99,REVIEW,OK,51.1,5.8,1
flagged,PHerc0172,20251106170358-w076_20251106170358232_flatboi,20251106170358-on-20241024131838-7.91um.tifxyz,673,608,348784,13,7,0.99998,REVIEW,OK,16.37,4.5,OK,OK,3.6,3.6,1
flagged,PHerc0172,20251106170358-w076_20251106170358232_flatboi,20251106170358-on-20241024131839-7.91um.tifxyz,673,608,348784,13,7,0.99998,REVIEW,OK,16.37,4.5,OK,OK,3.6,3.6,1
flagged,PHerc0172,20251106170358-w076_20251106170358232_flatboi,intermediate/tifxyz_flattened,682,615,351156,8,7,0.99998,REVIEW,OK,26.03,4.19,OK,OK,3.6,3.6,1
flagged,PHerc0172,20251106170358-w076_20251106170358232_flatboi,intermediate/tifxyz_normalized,673,608,348784,13,7,0.99998,REVIEW,OK,16.37,4.5,OK,OK,3.6,3.6,1
control,PHerc0172,20251107110950-w064_20251107110950052_flatboi,20251107110950-on-20241024131838-7.91um.tifxyz,671,747,458670,0,0,1.0,OK,OK,1.5,1.5,OK,OK,2.5,2.5,1
control,PHerc0172,20251107110950-w064_20251107110950052_flatboi,20251107110950-on-20241024131839-7.91um.tifxyz,671,747,458670,0,0,1.0,OK,OK,1.5,1.5,OK,OK,2.5,2.5,1
control,PHerc0172,20251107110950-w064_20251107110950052_flatboi,intermediate/tifxyz_flattened,671,770,460996,0,0,1.0,OK,OK,1.6,1.6,OK,OK,2.6,2.6,1
control,PHerc0172,20251107110950-w064_20251107110950052_flatboi,intermediate/tifxyz_normalized,671,747,458670,0,0,1.0,OK,OK,1.5,1.5,OK,OK,2.5,2.5,1
control,PHerc0172,20251107175958-w061_20251107175958270_flatboi,20251107175958-on-20241024131838-7.91um.tifxyz,602,634,343002,0,0,1.0,OK,OK,1.42,1.42,OK,OK,2.0,2.0,1
control,PHerc0172,20251107175958-w061_20251107175958270_flatboi,intermediate/tifxyz_flattened,598,654,344687,0,0,1.0,OK,OK,1.58,1.58,OK,OK,2.0,2.0,1
control,PHerc0172,20251107175958-w061_20251107175958270_flatboi,20251107175958-on-20241024131839-7.91um.tifxyz,602,634,343002,0,0,1.0,OK,OK,1.42,1.42,OK,OK,2.0,2.0,1
control,PHerc0172,20251107175958-w061_20251107175958270_flatboi,intermediate/tifxyz_normalized,602,634,343002,0,0,1.0,OK,OK,1.42,1.42,OK,OK,2.0,2.0,1
flagged,PHerc0172,20251110110112-w066_20251110110112608_flatboi,20251110110112-on-20241024131838-7.91um.tifxyz,837,749,453056,183,125,0.99947,REVIEW,OK,14.42,4.93,OK,OK,5.2,2.8,1
flagged,PHerc0172,20251110110112-w066_20251110110112608_flatboi,intermediate/tifxyz_flattened,1005,768,455498,234,156,0.99946,REVIEW,OK,21.31,4.99,OK,OK,5.2,2.8,1
flagged,PHerc0172,20251110110112-w066_20251110110112608_flatboi,20251110110112-on-20241024131839-7.91um.tifxyz,837,749,453056,183,125,0.99947,REVIEW,OK,14.42,4.93,OK,OK,5.2,2.8,1
flagged,PHerc0172,20251110110112-w066_20251110110112608_flatboi,intermediate/tifxyz_normalized,837,749,453056,183,125,0.99947,REVIEW,OK,14.42,4.93,OK,OK,5.2,2.8,1
control,PHerc0172,20251112163527-w071_20251112163527854_flatboi,20251112163527-on-20241024131838-7.91um.tifxyz,645,754,443534,0,0,1.0,OK,OK,1.34,1.34,OK,OK,1.8,1.8,1
control,PHerc0172,20251112163527-w071_20251112163527854_flatboi,20251112163527-on-20241024131839-7.91um.tifxyz,645,754,443534,0,0,1.0,OK,OK,1.34,1.34,OK,OK,1.8,1.8,1
control,PHerc0172,20251112163527-w071_20251112163527854_flatboi,intermediate/tifxyz_flattened,641,776,445281,0,0,1.0,OK,OK,1.52,1.52,OK,OK,1.8,1.8,1
control,PHerc0172,20251114202035-w081_20251114202035261_flatboi,20251114202035-on-20241024131838-7.91um.tifxyz,588,571,253617,0,0,1.0,OK,OK,1.59,1.59,OK,OK,3.0,3.0,1
control,PHerc0172,20251112163527-w071_20251112163527854_flatboi,intermediate/tifxyz_normalized,645,754,443534,0,0,1.0,OK,OK,1.34,1.34,OK,OK,1.8,1.8,1
control,PHerc0172,20251114202035-w081_20251114202035261_flatboi,20251114202035-on-20241024131839-7.91um.tifxyz,588,571,253617,0,0,1.0,OK,OK,1.59,1.59,OK,OK,3.0,3.0,1
control,PHerc0172,20251114202035-w081_20251114202035261_flatboi,intermediate/tifxyz_flattened,591,580,255555,0,0,1.0,OK,OK,2.0,2.0,OK,OK,3.0,3.0,1
control,PHerc0172,20251114202035-w081_20251114202035261_flatboi,intermediate/tifxyz_normalized,588,571,253617,0,0,1.0,OK,OK,1.59,1.59,OK,OK,3.0,3.0,1
flagged,PHerc0172,20251115002740-auto_grown_20251115002740308_0_flatboi,20251115002740-on-20241024131838-7.91um.tifxyz,555,2460,1256541,28,19,0.99998,REVIEW,OK,12.77,4.8,WATCH,OK,14.8,6.6,1
flagged,PHerc0172,20251115002740-auto_grown_20251115002740308_0_flatboi,20251115002740-on-20241024131839-7.91um.tifxyz,555,2460,1256541,28,19,0.99998,REVIEW,OK,12.77,4.8,WATCH,OK,14.8,6.6,1
flagged,PHerc0172,20251115002740-auto_grown_20251115002740308_0_flatboi,intermediate/tifxyz_flattened,557,2462,1256899,29,18,0.99998,REVIEW,OK,12.77,4.71,WATCH,OK,14.7,6.5,1
flagged,PHerc0172,20251115002740-auto_grown_20251115002740308_0_flatboi,intermediate/tifxyz_normalized,555,2460,1256541,28,19,0.99998,REVIEW,OK,12.77,4.8,WATCH,OK,14.8,6.6,1
flagged,PHerc0172,20251115002741-auto_grown_20251115002740308_1_flatboi,20251115002741-on-20241024131838-7.91um.tifxyz,629,2815,1602247,161,119,0.99988,REVIEW,OK,25.76,5.0,REVIEW,WATCH,30.4,8.8,1
flagged,PHerc0172,20251115002741-auto_grown_20251115002740308_1_flatboi,20251115002741-on-20241024131839-7.91um.tifxyz,629,2815,1602247,161,119,0.99988,REVIEW,OK,25.76,5.0,REVIEW,WATCH,30.4,8.8,1
flagged,PHerc0172,20251115002741-auto_grown_20251115002740308_1_flatboi,intermediate/tifxyz_flattened,631,2817,1610025,210,153,0.99982,REVIEW,OK,25.76,5.0,REVIEW,WATCH,30.5,8.9,1
flagged,PHerc0172,20251115002741-auto_grown_20251115002740308_1_flatboi,intermediate/tifxyz_normalized,629,2815,1602247,161,119,0.99988,REVIEW,OK,25.76,5.0,REVIEW,WATCH,30.4,8.8,1
flagged,PHerc0172,20251115002742-auto_grown_20251115002740308_2_flatboi,20251115002742-on-20241024131838-7.91um.tifxyz,619,2790,1571179,296,188,0.99982,REVIEW,OK,33.71,4.55,WATCH,OK,18.6,5.5,1
flagged,PHerc0172,20251115002742-auto_grown_20251115002740308_2_flatboi,20251115002742-on-20241024131839-7.91um.tifxyz,619,2790,1571179,296,188,0.99982,REVIEW,OK,33.71,4.55,WATCH,OK,18.6,5.5,1
flagged,PHerc0172,20251115002742-auto_grown_20251115002740308_2_flatboi,intermediate/tifxyz_flattened,621,2792,1571886,299,191,0.99983,REVIEW,OK,33.71,4.99,WATCH,OK,18.7,7.1,1
flagged,PHerc0172,20251115002742-auto_grown_20251115002740308_2_flatboi,intermediate/tifxyz_normalized,619,2790,1571179,296,188,0.99982,REVIEW,OK,33.71,4.55,WATCH,OK,18.6,5.5,1
flagged,PHerc0172,20251115002743-auto_grown_20251115002740308_3_flatboi,20251115002743-on-20241024131838-7.91um.tifxyz,648,2878,1658342,2,2,1.0,WATCH,OK,6.93,3.51,OK,OK,4.0,3.3,1
flagged,PHerc0172,20251115002743-auto_grown_20251115002740308_3_flatboi,20251115002743-on-20241024131839-7.91um.tifxyz,648,2878,1658342,2,2,1.0,WATCH,OK,6.93,3.51,OK,OK,4.0,3.3,1
flagged,PHerc0172,20251115002743-auto_grown_20251115002740308_3_flatboi,intermediate/tifxyz_flattened,650,2880,1658804,2,2,1.0,WATCH,OK,6.93,3.51,OK,OK,4.0,3.3,1
flagged,PHerc0172,20251115002743-auto_grown_20251115002740308_3_flatboi,intermediate/tifxyz_normalized,648,2878,1658342,2,2,1.0,WATCH,OK,6.93,3.51,OK,OK,4.0,3.3,1
flagged,PHerc0172,20251115002744-auto_grown_20251115002740308_4_flatboi,20251115002744-on-20241024131838-7.91um.tifxyz,800,2927,1795795,120,93,0.99995,REVIEW,OK,92.49,5.0,REVIEW,OK,87.5,4.6,1
flagged,PHerc0172,20251115002744-auto_grown_20251115002740308_4_flatboi,20251115002744-on-20241024131839-7.91um.tifxyz,800,2927,1795795,120,93,0.99995,REVIEW,OK,92.49,5.0,REVIEW,OK,87.5,4.6,1
flagged,PHerc0172,20251115002744-auto_grown_20251115002740308_4_flatboi,intermediate/tifxyz_flattened,802,2929,1796752,121,81,0.99995,REVIEW,OK,92.49,4.26,REVIEW,OK,87.7,3.8,1
flagged,PHerc0172,20251115002744-auto_grown_20251115002740308_4_flatboi,intermediate/tifxyz_normalized,800,2927,1795795,120,93,0.99995,REVIEW,OK,92.49,5.0,REVIEW,OK,87.5,4.6,1
flagged,PHerc0172,20251115002745-auto_grown_20251115002740308_5_flatboi,20251115002745-on-20241024131838-7.91um.tifxyz,637,3065,1772184,4,4,1.0,REVIEW,OK,10.46,4.95,OK,OK,6.1,5.5,1
flagged,PHerc0172,20251115002745-auto_grown_20251115002740308_5_flatboi,20251115002745-on-20241024131839-7.91um.tifxyz,637,3065,1772184,4,4,1.0,REVIEW,OK,10.46,4.95,OK,OK,6.1,5.5,1
flagged,PHerc0172,20251115002745-auto_grown_20251115002740308_5_flatboi,intermediate/tifxyz_normalized,637,3065,1772184,4,4,1.0,REVIEW,OK,10.46,4.95,OK,OK,6.1,5.5,1
flagged,PHerc0172,20251115002745-auto_grown_20251115002740308_5_flatboi,intermediate/tifxyz_flattened,639,3067,1772871,4,4,1.0,REVIEW,OK,10.46,4.95,OK,OK,6.1,5.5,1
flagged,PHerc0172,20251115002748-auto_grown_20251115002740308_8_flatboi,20251115002748-on-20241024131839-7.91um.tifxyz,637,1867,1096315,1,1,1.0,WATCH,OK,5.27,2.35,OK,OK,2.8,2.2,1
flagged,PHerc0172,20251115002748-auto_grown_20251115002740308_8_flatboi,20251115002748-on-20241024131838-7.91um.tifxyz,637,1867,1096315,1,1,1.0,WATCH,OK,5.27,2.35,OK,OK,2.8,2.2,1
flagged,PHerc0172,20251115002748-auto_grown_20251115002740308_8_flatboi,intermediate/tifxyz_normalized,637,1867,1096315,1,1,1.0,WATCH,OK,5.27,2.35,OK,OK,2.8,2.2,1
control,PHerc0172,20251204060522-w090_20251204060522416_flatboi,20251204060522-on-20241024131838-7.91um.tifxyz,643,609,282607,0,0,1.0,OK,OK,1.83,1.83,OK,OK,6.0,6.0,1
flagged,PHerc0172,20251115002748-auto_grown_20251115002740308_8_flatboi,intermediate/tifxyz_flattened,627,1859,1100426,2,1,1.0,WATCH,OK,7.72,4.9,OK,OK,4.5,2.3,1
control,PHerc0172,20251204060522-w090_20251204060522416_flatboi,20251204060522-on-20241024131839-7.91um.tifxyz,643,609,282607,0,0,1.0,OK,OK,1.83,1.83,OK,OK,6.0,6.0,1
control,PHerc0172,20251204060522-w090_20251204060522416_flatboi,intermediate/tifxyz_flattened,654,622,284510,0,0,1.0,OK,OK,2.48,2.48,OK,OK,5.9,5.9,1
control,PHerc0172,20251204060522-w090_20251204060522416_flatboi,intermediate/tifxyz_normalized,643,609,282607,0,0,1.0,OK,OK,1.83,1.83,OK,OK,6.0,6.0,1
flagged,PHerc0172,20251206184729-w095_20251206184729906_flatboi,20251206184729-on-20241024131838-7.91um.tifxyz,724,571,235449,5,4,0.99994,REVIEW,OK,14.05,4.81,REVIEW,REVIEW,24.1,14.8,1
flagged,PHerc0172,20251206184729-w095_20251206184729906_flatboi,20251206184729-on-20241024131839-7.91um.tifxyz,724,571,235449,5,4,0.99994,REVIEW,OK,14.05,4.81,REVIEW,REVIEW,24.1,14.8,1
flagged,PHerc0172,20251206184729-w095_20251206184729906_flatboi,intermediate/tifxyz_flattened,728,564,237536,22,16,0.9999,REVIEW,OK,23.36,4.88,REVIEW,WATCH,30.5,13.6,1
flagged,PHerc0172,20251206184729-w095_20251206184729906_flatboi,intermediate/tifxyz_normalized,724,571,235449,5,4,0.99994,REVIEW,OK,14.05,4.81,REVIEW,REVIEW,24.1,14.8,1
control,PHerc0172,20251210142414-w059_20251210142414060_flatboi,20251210142414-on-20241024131838-7.91um.tifxyz,476,660,286784,0,0,1.0,OK,OK,1.41,1.41,OK,OK,1.9,1.9,1
control,PHerc0172,20251210142414-w059_20251210142414060_flatboi,20251210142414-on-20241024131839-7.91um.tifxyz,476,660,286784,0,0,1.0,OK,OK,1.41,1.41,OK,OK,1.9,1.9,1
control,PHerc0172,20251210142414-w059_20251210142414060_flatboi,intermediate/tifxyz_flattened,473,675,288526,0,0,1.0,OK,OK,1.49,1.49,OK,OK,2.1,2.1,1
control,PHerc0172,20251210142414-w059_20251210142414060_flatboi,intermediate/tifxyz_normalized,476,660,286784,0,0,1.0,OK,OK,1.41,1.41,OK,OK,1.9,1.9,1
control,PHerc0172,20251210153304-w058_20251210153304503_flatboi,20251210153304-on-20241024131838-7.91um.tifxyz,546,660,328660,0,0,1.0,OK,OK,1.36,1.36,OK,OK,2.1,2.1,1
control,PHerc0172,20251210153304-w058_20251210153304503_flatboi,20251210153304-on-20241024131839-7.91um.tifxyz,546,660,328660,0,0,1.0,OK,OK,1.36,1.36,OK,OK,2.1,2.1,1
control,PHerc0172,20251210153304-w058_20251210153304503_flatboi,intermediate/tifxyz_flattened,547,673,330362,0,0,1.0,OK,OK,1.53,1.53,OK,OK,2.1,2.1,1
control,PHerc0172,20251210153304-w058_20251210153304503_flatboi,intermediate/tifxyz_normalized,546,660,328660,0,0,1.0,OK,OK,1.36,1.36,OK,OK,2.1,2.1,1
control,PHerc0172,20251210160810-w057_20251210160810301_flatboi,20251210160810-on-20241024131838-7.91um.tifxyz,544,651,323024,0,0,1.0,OK,OK,1.31,1.31,OK,OK,1.8,1.8,1
control,PHerc0172,20251210160810-w057_20251210160810301_flatboi,20251210160810-on-20241024131839-7.91um.tifxyz,544,651,323024,0,0,1.0,OK,OK,1.31,1.31,OK,OK,1.8,1.8,1
control,PHerc0172,20251210160810-w057_20251210160810301_flatboi,intermediate/tifxyz_flattened,546,667,325154,0,0,1.0,OK,OK,1.57,1.57,OK,OK,1.8,1.8,1
control,PHerc0172,20251210160810-w057_20251210160810301_flatboi,intermediate/tifxyz_normalized,544,651,323024,0,0,1.0,OK,OK,1.31,1.31,OK,OK,1.8,1.8,1
control,PHerc0172,20251211111451-w055_20251211111451620_flatboi,20251211111451-on-20241024131838-7.91um.tifxyz,537,635,310242,0,0,1.0,OK,OK,1.35,1.35,OK,OK,1.8,1.8,1
control,PHerc0172,20251211111451-w055_20251211111451620_flatboi,20251211111451-on-20241024131839-7.91um.tifxyz,537,635,310242,0,0,1.0,OK,OK,1.35,1.35,OK,OK,1.8,1.8,1
control,PHerc0172,20251211111451-w055_20251211111451620_flatboi,intermediate/tifxyz_flattened,538,650,311905,0,0,1.0,OK,OK,1.44,1.44,OK,OK,1.9,1.9,1
control,PHerc0172,20251212105627-w052_20251212105627148_flatboi,20251212105627-on-20241024131838-7.91um.tifxyz,529,610,290786,0,0,1.0,OK,OK,1.35,1.35,OK,OK,1.7,1.7,1
control,PHerc0172,20251211111451-w055_20251211111451620_flatboi,intermediate/tifxyz_normalized,537,635,310242,0,0,1.0,OK,OK,1.35,1.35,OK,OK,1.8,1.8,1
control,PHerc0172,20251212105627-w052_20251212105627148_flatboi,intermediate/tifxyz_flattened,528,621,292422,0,0,1.0,OK,OK,1.4,1.4,OK,OK,1.8,1.8,1
control,PHerc0172,20251212105627-w052_20251212105627148_flatboi,20251212105627-on-20241024131839-7.91um.tifxyz,529,610,290786,0,0,1.0,OK,OK,1.35,1.35,OK,OK,1.7,1.7,1
control,PHerc0332,20240711124827-20240618142020,intermediate/tifxyz_original,126,1286,132462,0,0,1.0,OK,OK,1.53,1.53,REVIEW,REVIEW,16.7,16.7,1
control,PHerc0172,20251212105627-w052_20251212105627148_flatboi,intermediate/tifxyz_normalized,529,610,290786,0,0,1.0,OK,OK,1.35,1.35,OK,OK,1.7,1.7,1
control,PHerc0009B,20250919124722-auto_grown_20250919054722721_inp_hr,20250919124722-on-20250521125136-8.64um.tifxyz,366,250,67403,0,0,1.0,OK,OK,1.21,1.21,REVIEW,REVIEW,24.7,24.7,1
control,PHerc0009B,20250919124722-auto_grown_20250919054722721_inp_hr,intermediate/tifxyz_normalized,366,250,67403,0,0,1.0,OK,OK,1.21,1.21,REVIEW,REVIEW,24.7,24.7,1
control,PHerc0009B,20250919124722-auto_grown_20250919054722721_inp_hr,intermediate/tifxyz_original,372,270,66811,0,0,1.0,OK,OK,1.9,1.9,REVIEW,REVIEW,25.8,25.8,1
flagged,PHerc0009B,20250919125302-auto_grown_20250919055302061,20250919125302-on-20250521125136-8.64um.tifxyz,309,258,51179,0,0,1.0,OK,OK,3.52,3.52,REVIEW,REVIEW,18.8,18.8,1
control,PHerc0009B,20250919124722-auto_grown_20250919054722721_inp_hr,20250919124722-on-20250820154339-2.401um.tifxyz,1318,900,865714,0,0,1.0,OK,OK,1.2,1.2,REVIEW,REVIEW,35.2,35.2,1
flagged,PHerc0009B,20250919125302-auto_grown_20250919055302061,intermediate/tifxyz_normalized,309,258,51179,0,0,1.0,OK,OK,3.52,3.52,REVIEW,REVIEW,18.8,18.8,1
flagged,PHerc0009B,20250919125302-auto_grown_20250919055302061,intermediate/tifxyz_original,312,270,53857,4,1,0.99998,WATCH,OK,8.49,1.22,REVIEW,REVIEW,35.8,18.6,1
flagged,PHerc0009B,20250919125302-auto_grown_20250919055302061,20250919125302-on-20250820154339-2.401um.tifxyz,1113,929,635760,0,0,1.0,OK,OK,3.33,3.33,REVIEW,REVIEW,25.6,25.6,1
flagged,PHerc0009B,20250919132115-auto_grown_20250919062115592_inp_hr,20250919132115-on-20250521125136-8.64um.tifxyz,362,328,96396,427,269,0.99702,REVIEW,OK,16.54,2.43,REVIEW,REVIEW,32.5,32.7,1
flagged,PHerc0009B,20250919132115-auto_grown_20250919062115592_inp_hr,intermediate/tifxyz_normalized,362,328,96396,427,269,0.99702,REVIEW,OK,16.54,2.43,REVIEW,REVIEW,32.5,32.7,1
flagged,PHerc0009B,20250919132115-auto_grown_20250919062115592_inp_hr,20250919132115-on-20250820154339-2.401um.tifxyz,1303,1181,1240139,5574,3962,0.99672,REVIEW,OK,16.55,4.99,REVIEW,REVIEW,32.7,32.9,1
flagged,PHerc0009B,20250919133208-auto_grown_20250919063208154_inp_hr,20250919133208-on-20250521125136-8.64um.tifxyz,341,251,66447,669,465,0.99267,REVIEW,OK,13.74,4.98,REVIEW,REVIEW,19.6,18.5,1
flagged,PHerc0009B,20250919132115-auto_grown_20250919062115592_inp_hr,intermediate/tifxyz_original,366,324,94879,4,1,0.99999,REVIEW,OK,132.49,1.76,REVIEW,REVIEW,81.8,33.3,1
flagged,PHerc0009B,20250919133208-auto_grown_20250919063208154_inp_hr,intermediate/tifxyz_normalized,341,251,66447,669,465,0.99267,REVIEW,OK,13.74,4.98,REVIEW,REVIEW,19.6,18.5,1
flagged,PHerc0009B,20250919133208-auto_grown_20250919063208154_inp_hr,20250919133208-on-20250820154339-2.401um.tifxyz,1228,903,852981,8794,6551,0.99216,REVIEW,OK,13.78,4.99,REVIEW,REVIEW,25.8,25.3,1
flagged,PHerc0009B,20250919133208-auto_grown_20250919063208154_inp_hr,intermediate/tifxyz_original,342,264,65119,4,1,0.99998,REVIEW,OK,165.03,1.86,REVIEW,REVIEW,104.7,18.2,1
control,PHerc0009B,20250919140325-auto_grown_20250919070325767_inp_hr,20250919140325-on-20250521125136-8.64um.tifxyz,357,236,69462,0,0,1.0,OK,OK,1.2,1.2,REVIEW,REVIEW,21.0,21.0,1
control,PHerc0009B,20250919140325-auto_grown_20250919070325767_inp_hr,intermediate/tifxyz_normalized,357,236,69462,0,0,1.0,OK,OK,1.2,1.2,REVIEW,REVIEW,21.0,21.0,1
control,PHerc0009B,20250919140325-auto_grown_20250919070325767_inp_hr,20250919140325-on-20250820154339-2.401um.tifxyz,1285,850,892462,0,0,1.0,OK,OK,1.19,1.19,REVIEW,REVIEW,26.0,26.0,1
control,PHerc0009B,20250919140325-auto_grown_20250919070325767_inp_hr,intermediate/tifxyz_original,372,252,69919,0,0,1.0,OK,OK,2.31,2.31,REVIEW,REVIEW,21.4,21.4,1
flagged,PHerc0139,20250108000000-w025_2025010863,20250108000000-on-20250728140407-9.362um.tifxyz,364,340,102285,0,0,1.0,OK,OK,3.34,3.34,OK,OK,5.2,5.2,1
flagged,PHerc0139,20250108000000-w025_2025010863,20250108000000-on-20250820105138-2.403um.tifxyz,1421,1329,1244039,0,0,1.0,OK,OK,4.24,4.24,OK,OK,6.7,6.7,1
flagged,PHerc0139,20250108000000-w025_2025010863,20250108000000-on-20260102150214-2.399um.tifxyz,1416,1324,1552672,0,0,1.0,OK,OK,4.24,4.24,OK,OK,6.6,6.6,1
flagged,PHerc0139,20250108000000-w025_2025010863,20250108000000-on-20260319133554-2.403um.tifxyz,1421,1329,1244039,0,0,1.0,OK,OK,4.24,4.24,OK,OK,6.7,6.7,1
flagged,PHerc0139,20250108000000-w025_2025010863,intermediate/tifxyz_normalized,354,331,97807,0,0,1.0,OK,OK,4.24,4.24,OK,OK,6.6,6.6,1
flagged,PHerc0139,20250108000000-w025_2025010863,intermediate/tifxyz_original,365,348,101137,4,1,0.99999,REVIEW,OK,9.56,3.73,WATCH,OK,15.6,5.9,1
flagged,PHerc0139,20250108000000-w025_2025010863,20250108000000-on-20260413113053-1.129um.tifxyz,3012,2817,5066698,0,0,1.0,OK,OK,4.24,4.24,OK,OK,6.5,6.5,1
flagged,PHerc0139,20251226000000-w055_2025122611,20251226000000-on-20250728140407-9.362um.tifxyz,386,521,171196,4,4,0.99998,WATCH,OK,7.24,4.82,OK,OK,2.6,2.5,1
flagged,PHerc0139,20251226000000-w055_2025122611,20251226000000-on-20260102150214-2.399um.tifxyz,1500,2028,2593840,120,75,0.99997,WATCH,OK,9.71,4.99,OK,OK,3.1,3.1,1
flagged,PHerc0139,20251226000000-w055_2025122611,20251226000000-on-20250820105138-2.403um.tifxyz,1505,2035,2140081,81,45,0.99997,REVIEW,OK,10.07,4.97,OK,OK,3.1,3.1,1
flagged,PHerc0139,20251226000000-w055_2025122611,20251226000000-on-20260319133554-2.403um.tifxyz,1505,2035,2140081,81,45,0.99997,REVIEW,OK,10.07,4.97,OK,OK,3.1,3.1,1
flagged,PHerc0139,20251226000000-w055_2025122611,intermediate/tifxyz_normalized,375,507,163091,13,11,0.99993,REVIEW,OK,10.98,4.71,OK,OK,3.5,3.2,1
flagged,PHerc0139,20251226000000-w055_2025122611,intermediate/tifxyz_original,539,747,164828,25,14,0.99992,SPARSE,SPARSE,10.35,4.9,OK,OK,5.3,3.5,1
flagged,PHerc0139,20260127000000-w057_2026012713,20260127000000-on-20250728140407-9.362um.tifxyz,380,489,162506,57,30,0.9998,REVIEW,OK,21.59,4.89,REVIEW,OK,21.6,4.2,1
flagged,PHerc0139,20251226000000-w055_2025122611,20251226000000-on-20260413113053-1.129um.tifxyz,3191,4315,8751590,118,103,0.99999,WATCH,OK,7.81,4.95,OK,OK,3.2,3.1,1
flagged,PHerc0139,20260127000000-w057_2026012713,20260127000000-on-20260102150214-2.399um.tifxyz,1476,1904,2463696,696,427,0.99981,REVIEW,OK,31.71,4.83,REVIEW,OK,32.9,5.4,1
flagged,PHerc0139,20260127000000-w057_2026012713,20260127000000-on-20250820105138-2.403um.tifxyz,1481,1910,1974872,0,0,1.0,OK,OK,1.39,1.39,OK,OK,1.9,1.9,1
flagged,PHerc0139,20260127000000-w057_2026012713,20260127000000-on-20260319133554-2.403um.tifxyz,1481,1910,1974872,0,0,1.0,OK,OK,1.39,1.39,OK,OK,1.9,1.9,1
flagged,PHerc0139,20260127000000-w057_2026012713,intermediate/tifxyz_normalized,369,476,154927,35,19,0.99987,REVIEW,OK,31.86,2.23,REVIEW,OK,30.1,2.4,1
flagged,PHerc0139,20260127000000-w057_2026012713,intermediate/tifxyz_original,541,756,165035,0,0,1.0,SPARSE,SPARSE,3.07,3.07,OK,OK,3.5,3.5,1
flagged,PHerc0139,20260130000001-w030_202601301912,intermediate/tifxyz_original,1155,1618,1664805,6446,4072,0.99621,REVIEW,OK,461.44,4.78,REVIEW,OK,699.7,5.1,1
flagged,PHerc0139,20260127000000-w057_2026012713,20260127000000-on-20260413113053-1.129um.tifxyz,3140,4051,8132500,0,0,1.0,OK,OK,1.42,1.42,OK,OK,2.0,2.0,1
flagged,PHerc0139,20260206000002-w054_2026020617,20260206000002-on-20250728140407-9.362um.tifxyz,383,557,179543,23,12,0.99993,REVIEW,OK,14.43,4.41,OK,OK,7.8,2.6,1
flagged,PHerc0139,20260206000002-w054_2026020617,20260206000002-on-20250820105138-2.403um.tifxyz,1493,2175,2242666,38,26,0.99999,REVIEW,OK,10.49,4.73,OK,OK,3.8,2.2,1
flagged,PHerc0139,20260206000002-w054_2026020617,20260206000002-on-20260102150214-2.399um.tifxyz,1488,2168,2717328,360,232,0.99991,REVIEW,OK,15.36,4.98,WATCH,OK,9.0,2.8,1
flagged,PHerc0139,20260206000002-w054_2026020617,20260206000002-on-20260319133554-2.403um.tifxyz,1493,2175,2242666,38,26,0.99999,REVIEW,OK,10.49,4.73,OK,OK,3.8,2.2,1
flagged,PHerc0139,20260206000002-w054_2026020617,intermediate/tifxyz_normalized,372,542,170876,32,18,0.99989,REVIEW,OK,15.4,4.35,WATCH,OK,8.3,2.9,1
flagged,PHerc0139,20260206000002-w054_2026020617,intermediate/tifxyz_original,555,763,173599,1,1,0.99999,SPARSE,SPARSE,6.32,4.32,OK,OK,4.1,4.1,1
control,PHerc0139,20260215000000-w024_2026021572,20260215000000-on-20250728140407-9.362um.tifxyz,355,331,96650,0,0,1.0,OK,OK,1.28,1.28,OK,OK,3.2,3.2,1
control,PHerc0139,20260215000000-w024_2026021572,20260215000000-on-20250820105138-2.403um.tifxyz,1385,1292,1178955,0,0,1.0,OK,OK,1.34,1.34,OK,OK,2.3,2.3,1
flagged,PHerc0139,20260206000002-w054_2026020617,20260206000002-on-20260413113053-1.129um.tifxyz,3165,4612,9173330,185,150,0.99998,REVIEW,OK,10.56,4.98,OK,OK,3.8,2.2,1
control,PHerc0139,20260215000000-w024_2026021572,20260215000000-on-20260102150214-2.399um.tifxyz,1380,1288,1464992,0,0,1.0,OK,OK,1.32,1.32,OK,OK,3.4,3.4,1
control,PHerc0139,20260215000000-w024_2026021572,20260215000000-on-20260319133554-2.403um.tifxyz,1385,1292,1178955,0,0,1.0,OK,OK,1.34,1.34,OK,OK,2.3,2.3,1
control,PHerc0139,20260215000000-w024_2026021572,intermediate/tifxyz_normalized,345,322,92317,0,0,1.0,OK,OK,1.46,1.46,OK,OK,3.3,3.3,1
control,PHerc0139,20260215000000-w024_2026021572,intermediate/tifxyz_original,376,360,93739,0,0,1.0,OK,OK,2.58,2.58,OK,OK,3.8,3.8,1
flagged,PHerc0139,20260220000000-w053_2026022021,20260220000000-on-20250728140407-9.362um.tifxyz,372,518,165759,10,8,0.99995,REVIEW,OK,10.21,4.93,OK,OK,3.4,3.4,1
control,PHerc0139,20260215000000-w024_2026021572,20260215000000-on-20260413113053-1.129um.tifxyz,2935,2740,4790479,0,0,1.0,OK,OK,1.38,1.38,OK,OK,2.3,2.3,1
flagged,PHerc0139,20260220000000-w053_2026022021,20260220000000-on-20250820105138-2.403um.tifxyz,1453,2022,2100236,0,0,1.0,OK,OK,1.55,1.55,OK,OK,2.1,2.1,1
flagged,PHerc0139,20260220000000-w053_2026022021,20260220000000-on-20260319133554-2.403um.tifxyz,1453,2022,2100236,0,0,1.0,OK,OK,1.55,1.55,OK,OK,2.1,2.1,1
flagged,PHerc0139,20260220000000-w053_2026022021,20260220000000-on-20260102150214-2.399um.tifxyz,1448,2016,2515696,194,124,0.99995,REVIEW,OK,12.18,4.99,OK,OK,4.2,3.2,1
flagged,PHerc0139,20260220000000-w053_2026022021,intermediate/tifxyz_normalized,362,504,158195,21,16,0.9999,REVIEW,OK,13.76,4.93,OK,OK,4.7,3.5,1
flagged,PHerc0139,20260220000000-w053_2026022021,intermediate/tifxyz_original,561,767,161426,0,0,1.0,SPARSE,SPARSE,3.89,3.89,OK,OK,3.9,3.9,1
flagged,PHerc0139,20260227000000-w052_2026022705,20260227000000-on-20250728140407-9.362um.tifxyz,385,488,167307,42,25,0.99985,REVIEW,OK,17.97,2.5,WATCH,OK,16.1,2.3,1
flagged,PHerc0139,20260227000000-w052_2026022705,20260227000000-on-20250820105138-2.403um.tifxyz,1501,1906,2011007,0,0,1.0,OK,OK,1.53,1.53,OK,OK,2.2,2.2,1
flagged,PHerc0139,20260220000000-w053_2026022021,20260220000000-on-20260413113053-1.129um.tifxyz,3080,4289,8598186,0,0,1.0,OK,OK,1.39,1.39,OK,OK,2.1,2.1,1
flagged,PHerc0139,20260227000000-w052_2026022705,20260227000000-on-20260319133554-2.403um.tifxyz,1501,1906,2011007,0,0,1.0,OK,OK,1.53,1.53,OK,OK,2.2,2.2,1
flagged,PHerc0139,20260227000000-w052_2026022705,20260227000000-on-20260102150214-2.399um.tifxyz,1496,1900,2536624,825,490,0.99979,REVIEW,OK,18.34,4.99,WATCH,OK,17.3,4.8,1
flagged,PHerc0139,20260227000000-w052_2026022705,intermediate/tifxyz_normalized,374,475,159516,41,24,0.99985,REVIEW,OK,19.26,4.58,WATCH,OK,16.4,3.2,1
flagged,PHerc0139,20260227000000-w052_2026022705,intermediate/tifxyz_original,581,787,164397,0,0,1.0,SPARSE,SPARSE,4.5,4.5,OK,OK,4.8,4.8,1
flagged,PHerc0139,20260306000001-w051_2026030600,20260306000001-on-20250728140407-9.362um.tifxyz,379,480,164096,14,9,0.99995,REVIEW,OK,12.81,4.64,OK,OK,7.8,2.1,1
flagged,PHerc0139,20260306000001-w051_2026030600,20260306000001-on-20250820105138-2.403um.tifxyz,1477,1874,1983942,0,0,1.0,OK,OK,1.44,1.44,OK,OK,2.2,2.2,1
flagged,PHerc0139,20260306000001-w051_2026030600,20260306000001-on-20260102150214-2.399um.tifxyz,1472,1868,2486640,215,131,0.99995,REVIEW,OK,13.72,4.97,WATCH,OK,8.4,3.5,1
flagged,PHerc0139,20260227000000-w052_2026022705,20260227000000-on-20260413113053-1.129um.tifxyz,3182,4042,8173716,0,0,1.0,OK,OK,1.35,1.35,OK,OK,2.2,2.2,1
flagged,PHerc0139,20260306000001-w051_2026030600,20260306000001-on-20260319133554-2.403um.tifxyz,1477,1874,1983942,0,0,1.0,OK,OK,1.44,1.44,OK,OK,2.2,2.2,1
flagged,PHerc0139,20260306000001-w051_2026030600,intermediate/tifxyz_normalized,368,467,156361,15,9,0.99994,REVIEW,OK,14.95,2.73,WATCH,OK,8.4,2.2,1
flagged,PHerc0139,20260306000001-w051_2026030600,intermediate/tifxyz_original,601,807,162707,0,0,1.0,SPARSE,SPARSE,3.45,3.45,OK,OK,3.1,3.1,1
control,PHerc0139,20260422000000-title_2026042222_zmid_flatboi,20260422000000-on-20250728140407-9.362um.tifxyz,89,268,20938,0,0,1.0,OK,OK,1.14,1.14,OK,OK,2.0,2.0,1
control,PHerc0139,20260422000000-title_2026042222_zmid_flatboi,20260422000000-on-20250822062710-2.403um.tifxyz,349,1046,324878,0,0,1.0,OK,OK,1.17,1.17,OK,OK,5.3,5.3,1
flagged,PHerc0139,20260306000001-w051_2026030600,20260306000001-on-20260413113053-1.129um.tifxyz,3131,3974,8063928,0,0,1.0,OK,OK,1.32,1.32,OK,OK,2.3,2.3,1
control,PHerc0139,20260422000000-title_2026042222_zmid_flatboi,20260422000000-on-20260102150214-2.399um.tifxyz,348,1044,323216,0,0,1.0,OK,OK,1.17,1.17,OK,OK,5.3,5.3,1
control,PHerc0139,20260422000000-title_2026042222_zmid_flatboi,intermediate/tifxyz_flattened,88,264,21091,0,0,1.0,OK,OK,1.24,1.24,OK,OK,2.0,2.0,1
control,PHerc0139,20260422000000-title_2026042222_zmid_flatboi,20260422000000-on-20260319133050-2.403um.tifxyz,349,1046,324878,0,0,1.0,OK,OK,1.17,1.17,OK,OK,5.3,5.3,1
control,PHerc0139,20260422000000-title_2026042222_zmid_flatboi,intermediate/tifxyz_normalized,87,261,20561,0,0,1.0,OK,OK,1.18,1.18,OK,OK,2.0,2.0,1
control,PHerc0343P,20250902170435--5_b2,20250902170435-on-20250521134555-8.64um.tifxyz,164,121,13504,0,0,1.0,OK,OK,1.18,1.18,WATCH,WATCH,5.3,5.3,1
control,PHerc0343P,20250902170435--5_b2,intermediate/tifxyz_normalized,164,121,13504,0,0,1.0,OK,OK,1.18,1.18,WATCH,WATCH,5.3,5.3,1
control,PHerc0343P,20250902170435--5_b2,20250902170435-on-20260304131111-2.215um.tifxyz,640,472,201052,0,0,1.0,OK,OK,1.17,1.17,REVIEW,REVIEW,14.8,14.8,1
control,PHerc0343P,20250902170435--5_b2,intermediate/tifxyz_original,168,123,14020,0,0,1.0,OK,OK,1.43,1.43,WATCH,WATCH,5.6,5.6,1
flagged,PHerc0500P2,20250611132918-z_dbg_gen_00302_inp_hr,20250611132918-on-20250528085330-4.317um.tifxyz,545,353,116236,1197,784,0.99286,REVIEW,OK,15.73,4.99,REVIEW,REVIEW,189.7,37.4,1
flagged,PHerc0500P2,20250611132918-z_dbg_gen_00302_inp_hr,20250611132918-on-20250526151718-2.215um.tifxyz,1061,688,435592,4366,3072,0.9925,REVIEW,OK,15.71,5.0,REVIEW,REVIEW,184.1,56.4,1
flagged,PHerc0500P2,20250611132918-z_dbg_gen_00302_inp_hr,20250611132918-on-20250820143440-9.362um.tifxyz,252,163,24519,222,127,0.99453,REVIEW,OK,15.71,4.97,REVIEW,REVIEW,49.5,26.8,1
flagged,PHerc0500P2,20250611132918-z_dbg_gen_00302_inp_hr,intermediate/tifxyz_normalized,545,353,116236,1197,784,0.99286,REVIEW,OK,15.73,4.99,REVIEW,REVIEW,189.7,37.4,1
flagged,PHerc0500P2,20250611132918-z_dbg_gen_00302_inp_hr,intermediate/tifxyz_original,540,348,110649,133,39,0.99965,REVIEW,OK,117.65,4.95,REVIEW,REVIEW,800.4,36.7,1
flagged,PHerc0500P2,20250611133823-z_dbg_gen_00130_inp_hr,20250611133823-on-20250526151718-2.215um.tifxyz,1133,380,240820,3717,2835,0.98785,REVIEW,WATCH,12.13,5.0,REVIEW,REVIEW,92.9,68.2,1
flagged,PHerc0500P2,20250611133823-z_dbg_gen_00130_inp_hr,20250611133823-on-20250528085330-4.317um.tifxyz,582,195,64491,1047,754,0.98783,REVIEW,OK,12.15,4.98,REVIEW,REVIEW,74.8,38.7,1
flagged,PHerc0500P2,20250611133823-z_dbg_gen_00130_inp_hr,20250611133823-on-20250820143440-9.362um.tifxyz,269,90,13539,187,117,0.99084,REVIEW,OK,12.1,4.99,SKIP,SKIP,,,1
flagged,PHerc0500P2,20250611133823-z_dbg_gen_00130_inp_hr,intermediate/tifxyz_normalized,582,195,64491,1047,754,0.98783,REVIEW,OK,12.15,4.98,REVIEW,REVIEW,74.8,38.7,1
flagged,PHerc0500P2,20250611133823-z_dbg_gen_00130_inp_hr,intermediate/tifxyz_original,564,198,60280,141,50,0.99917,REVIEW,OK,95.07,4.88,REVIEW,REVIEW,457.0,34.7,1
flagged,PHerc0500P2,20250611134135-z_dbg_gen_00331_inp_hr,20250611134135-on-20250526151718-2.215um.tifxyz,1141,691,427769,5833,4344,0.9892,REVIEW,OK,15.24,5.0,REVIEW,REVIEW,99.2,98.7,1
flagged,PHerc0500P2,20250611134135-z_dbg_gen_00331_inp_hr,20250611134135-on-20250528085330-4.317um.tifxyz,586,355,114327,1583,1099,0.98959,REVIEW,OK,15.26,4.99,REVIEW,REVIEW,115.4,115.2,1
flagged,PHerc0500P2,20250611134135-z_dbg_gen_00331_inp_hr,20250611134135-on-20250820143440-9.362um.tifxyz,271,164,24067,317,190,0.99103,REVIEW,OK,15.24,4.98,REVIEW,REVIEW,22.4,22.1,1
flagged,PHerc0500P2,20250611134135-z_dbg_gen_00331_inp_hr,intermediate/tifxyz_normalized,586,355,114327,1583,1099,0.98959,REVIEW,OK,15.26,4.99,REVIEW,REVIEW,115.4,115.2,1
flagged,PHerc0500P2,20250611134135-z_dbg_gen_00331_inp_hr,intermediate/tifxyz_original,576,348,108191,144,47,0.99957,REVIEW,OK,166.84,4.92,REVIEW,REVIEW,247.2,38.7,1
flagged,PHerc0500P2,20250611153340-z_dbg_gen_00275,20250611153340-on-20250526151718-2.215um.tifxyz,839,501,158529,198,145,0.99606,SPARSE,SPARSE,20.28,4.99,REVIEW,REVIEW,82.6,82.0,1
flagged,PHerc0500P2,20250611153340-z_dbg_gen_00275,20250611153340-on-20250528085330-4.317um.tifxyz,431,257,43825,68,51,0.99407,SPARSE,SPARSE,20.64,5.0,REVIEW,REVIEW,46.7,46.4,1
flagged,PHerc0500P2,20250611153340-z_dbg_gen_00275,20250611153340-on-20250820143440-9.362um.tifxyz,199,119,8932,3,3,0.99966,SPARSE,SPARSE,5.16,4.97,SKIP,SKIP,,,1
flagged,PHerc0500P2,20250611153340-z_dbg_gen_00275,intermediate/tifxyz_normalized,431,257,43825,68,51,0.99407,SPARSE,SPARSE,20.64,5.0,REVIEW,REVIEW,46.7,46.4,1
flagged,PHerc0500P2,20250611153340-z_dbg_gen_00275,intermediate/tifxyz_original,420,192,42599,132,49,0.99488,REVIEW,OK,69.04,4.93,REVIEW,REVIEW,152.1,60.8,1
flagged,PHerc0500P2,20250611153346-z_dbg_gen_00286_inp_hr,20250611153346-on-20250526151718-2.215um.tifxyz,899,590,390955,3546,2502,0.99313,REVIEW,OK,31.48,4.99,REVIEW,REVIEW,145.4,41.6,1
flagged,PHerc0500P2,20250611153346-z_dbg_gen_00286_inp_hr,20250611153346-on-20250528085330-4.317um.tifxyz,462,303,104358,994,642,0.99344,REVIEW,OK,37.11,4.99,REVIEW,REVIEW,151.2,33.8,1
flagged,PHerc0500P2,20250611153346-z_dbg_gen_00286_inp_hr,20250611153346-on-20250820143440-9.362um.tifxyz,214,140,22135,183,104,0.99499,REVIEW,OK,11.58,4.92,REVIEW,REVIEW,26.4,16.1,1
flagged,PHerc0500P2,20250611153346-z_dbg_gen_00286_inp_hr,intermediate/tifxyz_normalized,462,303,104358,994,642,0.99344,REVIEW,OK,37.11,4.99,REVIEW,REVIEW,151.2,33.8,1
flagged,PHerc0500P2,20250611153346-z_dbg_gen_00286_inp_hr,intermediate/tifxyz_original,450,300,99977,90,29,0.99971,REVIEW,OK,66.03,4.83,REVIEW,REVIEW,448.6,35.6,1
flagged,PHerc0500P2,20250611153347-z_dbg_gen_00105_inp_hr,20250611153347-on-20250528085330-4.317um.tifxyz,475,222,62127,2595,1702,0.97088,REVIEW,OK,17.35,4.99,REVIEW,REVIEW,117.1,39.9,1
flagged,PHerc0500P2,20250611153347-z_dbg_gen_00105_inp_hr,20250611153347-on-20250526151718-2.215um.tifxyz,924,433,231888,9579,6727,0.96974,REVIEW,OK,17.34,5.0,REVIEW,REVIEW,94.4,52.6,1
flagged,PHerc0500P2,20250611153347-z_dbg_gen_00105_inp_hr,20250611153347-on-20250820143440-9.362um.tifxyz,219,103,13081,539,320,0.97363,REVIEW,OK,17.35,4.89,SKIP,SKIP,,,1
flagged,PHerc0500P2,20250611153347-z_dbg_gen_00105_inp_hr,intermediate/tifxyz_normalized,475,222,62127,2595,1702,0.97088,REVIEW,OK,17.35,4.99,REVIEW,REVIEW,117.1,39.9,1
flagged,PHerc0500P2,20250611153347-z_dbg_gen_00105_inp_hr,intermediate/tifxyz_original,444,222,55738,72,22,0.99961,REVIEW,OK,211.78,4.95,REVIEW,REVIEW,645.3,27.6,1
flagged,PHerc0500P2,20250611154256-z_dbg_gen_00354_inp_hr,20250611154256-on-20250526151718-2.215um.tifxyz,1127,750,494688,6679,4987,0.98932,REVIEW,WATCH,12.28,5.0,REVIEW,REVIEW,186.7,37.3,1
flagged,PHerc0500P2,20250611154256-z_dbg_gen_00354_inp_hr,20250611154256-on-20250528085330-4.317um.tifxyz,579,385,131975,1852,1294,0.98952,REVIEW,OK,12.33,5.0,REVIEW,REVIEW,180.6,113.3,1
flagged,PHerc0500P2,20250611154256-z_dbg_gen_00354_inp_hr,20250611154256-on-20250820143440-9.362um.tifxyz,268,178,27897,342,216,0.99136,REVIEW,OK,12.31,5.0,REVIEW,REVIEW,20.1,18.5,1
flagged,PHerc0500P2,20250611154256-z_dbg_gen_00354_inp_hr,intermediate/tifxyz_normalized,579,385,131975,1852,1294,0.98952,REVIEW,OK,12.33,5.0,REVIEW,REVIEW,180.6,113.3,1
flagged,PHerc0500P2,20250611154256-z_dbg_gen_00354_inp_hr,intermediate/tifxyz_original,552,372,124241,212,68,0.99945,REVIEW,OK,108.71,4.87,REVIEW,REVIEW,908.3,34.0,1
flagged,PHerc0500P2,20250611161023-z_dbg_gen_00205_inp_hr,20250611161023-on-20250526151718-2.215um.tifxyz,1090,320,187909,2655,1881,0.98948,REVIEW,OK,14.46,4.99,REVIEW,REVIEW,324.7,114.1,1
flagged,PHerc0500P2,20250611161023-z_dbg_gen_00205_inp_hr,20250611161023-on-20250528085330-4.317um.tifxyz,560,164,50529,715,475,0.99001,REVIEW,OK,14.48,4.99,REVIEW,REVIEW,20.1,19.2,1
flagged,PHerc0500P2,20250611161023-z_dbg_gen_00205_inp_hr,20250611161023-on-20250820143440-9.362um.tifxyz,259,76,10679,139,78,0.99167,REVIEW,OK,14.46,4.97,SKIP,SKIP,,,1
flagged,PHerc0500P2,20250611161023-z_dbg_gen_00205_inp_hr,intermediate/tifxyz_normalized,560,164,50529,715,475,0.99001,REVIEW,OK,14.48,4.99,REVIEW,REVIEW,20.1,19.2,1
flagged,PHerc0500P2,20250611161023-z_dbg_gen_00205_inp_hr,intermediate/tifxyz_original,552,168,47926,88,30,0.99937,REVIEW,OK,142.48,4.98,REVIEW,REVIEW,70.5,19.5,1
flagged,PHerc0500P2,20250611161415-z_dbg_gen_00411_inp_hr,20250611161415-on-20250526151718-2.215um.tifxyz,1005,622,433584,4434,3303,0.99179,REVIEW,WATCH,20.68,5.0,REVIEW,REVIEW,87.3,71.5,1
flagged,PHerc0500P2,20250611161415-z_dbg_gen_00411_inp_hr,20250611161415-on-20250528085330-4.317um.tifxyz,516,319,115432,1289,884,0.99182,REVIEW,OK,20.7,5.0,REVIEW,REVIEW,99.0,74.7,1
flagged,PHerc0500P2,20250611161415-z_dbg_gen_00411_inp_hr,20250611161415-on-20250820143440-9.362um.tifxyz,239,148,24533,216,133,0.99421,REVIEW,OK,20.68,4.91,REVIEW,REVIEW,63.1,32.0,1
flagged,PHerc0500P2,20250611161415-z_dbg_gen_00411_inp_hr,intermediate/tifxyz_normalized,516,319,115432,1289,884,0.99182,REVIEW,OK,20.7,5.0,REVIEW,REVIEW,99.0,74.7,1
flagged,PHerc0500P2,20250611161415-z_dbg_gen_00411_inp_hr,intermediate/tifxyz_original,510,318,109235,115,31,0.99972,REVIEW,OK,150.14,1.92,REVIEW,REVIEW,387.8,44.4,1
flagged,PHerc0500P2,20250611170257-z_dbg_gen_00308_inp_hr,20250611170257-on-20250528085330-4.317um.tifxyz,892,662,157800,5055,3389,0.97712,SPARSE,SPARSE,34.01,4.99,REVIEW,REVIEW,112.2,51.2,1
flagged,PHerc0500P2,20250611170257-z_dbg_gen_00308_inp_hr,20250611170257-on-20250820143440-9.362um.tifxyz,412,306,33148,1003,575,0.97973,SPARSE,SPARSE,22.62,4.98,REVIEW,REVIEW,63.0,24.0,1
flagged,PHerc0500P2,20250611170257-z_dbg_gen_00308_inp_hr,20250611170257-on-20250526151718-2.215um.tifxyz,1736,1290,589650,18706,13409,0.97604,SPARSE,SPARSE,32.24,5.0,REVIEW,REVIEW,264.6,78.3,1
flagged,PHerc0500P2,20250611170257-z_dbg_gen_00308_inp_hr,intermediate/tifxyz_normalized,892,662,157800,5055,3389,0.97712,SPARSE,SPARSE,34.01,4.99,REVIEW,REVIEW,112.2,51.2,1
flagged,PHerc0500P2,20250611170257-z_dbg_gen_00308_inp_hr,intermediate/tifxyz_original,582,342,138218,536,255,0.99814,REVIEW,OK,343.48,4.94,REVIEW,REVIEW,549.0,36.3,1
flagged,PHerc0500P2,20250611171318-z_dbg_gen_00440_inp_hr,20250611171318-on-20250528085330-4.317um.tifxyz,362,291,65010,2695,1923,0.96871,REVIEW,WATCH,20.43,5.0,REVIEW,REVIEW,199.8,91.7,1
flagged,PHerc0500P2,20250611171318-z_dbg_gen_00440_inp_hr,20250611171318-on-20250526151718-2.215um.tifxyz,705,567,242272,9883,7602,0.96731,REVIEW,WATCH,20.42,5.0,REVIEW,REVIEW,197.3,95.0,1
flagged,PHerc0500P2,20250611171318-z_dbg_gen_00440_inp_hr,20250611171318-on-20250820143440-9.362um.tifxyz,167,135,13652,512,330,0.97341,REVIEW,WATCH,20.43,5.0,REVIEW,REVIEW,10.3,6.4,1
flagged,PHerc0500P2,20250611171318-z_dbg_gen_00440_inp_hr,intermediate/tifxyz_normalized,362,291,65010,2695,1923,0.96871,REVIEW,WATCH,20.43,5.0,REVIEW,REVIEW,199.8,91.7,1
flagged,PHerc0500P2,20250611171318-z_dbg_gen_00440_inp_hr,intermediate/tifxyz_original,468,360,106004,131,45,0.99958,REVIEW,OK,218.29,4.9,REVIEW,REVIEW,839.9,34.7,1
flagged,PHerc0500P2,20250611171745-z_dbg_gen_00225_inp_hr,20250611171745-on-20250526151718-2.215um.tifxyz,987,413,251055,1957,1552,0.99336,REVIEW,OK,14.03,5.0,REVIEW,REVIEW,74.6,38.3,1
flagged,PHerc0500P2,20250611171745-z_dbg_gen_00225_inp_hr,20250611171745-on-20250528085330-4.317um.tifxyz,507,212,67306,568,413,0.99349,REVIEW,OK,14.04,4.96,REVIEW,REVIEW,81.6,35.7,1
flagged,PHerc0500P2,20250611171745-z_dbg_gen_00225_inp_hr,20250611171745-on-20250820143440-9.362um.tifxyz,234,98,14103,94,59,0.99532,REVIEW,OK,14.02,4.96,SKIP,SKIP,,,1
flagged,PHerc0500P2,20250611171745-z_dbg_gen_00225_inp_hr,intermediate/tifxyz_normalized,507,212,67306,568,413,0.99349,REVIEW,OK,14.04,4.96,REVIEW,REVIEW,81.6,35.7,1
flagged,PHerc0500P2,20250611171745-z_dbg_gen_00225_inp_hr,intermediate/tifxyz_original,546,210,73658,121,37,0.9995,REVIEW,OK,81.89,1.83,REVIEW,REVIEW,318.0,21.9,1
flagged,PHerc0500P2,20250611172135-z_dbg_gen_00346_inp_hr,20250611172135-on-20250526151718-2.215um.tifxyz,1082,641,437934,3847,2682,0.9935,REVIEW,OK,17.67,5.0,REVIEW,REVIEW,93.6,84.9,1
flagged,PHerc0500P2,20250611172135-z_dbg_gen_00346_inp_hr,20250611172135-on-20250528085330-4.317um.tifxyz,556,329,116897,1085,684,0.99358,REVIEW,OK,17.68,4.96,REVIEW,REVIEW,32.6,31.4,1
flagged,PHerc0500P2,20250611172135-z_dbg_gen_00346_inp_hr,20250611172135-on-20250820143440-9.362um.tifxyz,257,152,24663,215,118,0.99469,REVIEW,OK,17.67,4.82,REVIEW,REVIEW,8.0,6.9,1
flagged,PHerc0500P2,20250611172135-z_dbg_gen_00346_inp_hr,intermediate/tifxyz_normalized,556,329,116897,1085,684,0.99358,REVIEW,OK,17.68,4.96,REVIEW,REVIEW,32.6,31.4,1
flagged,PHerc0500P2,20250611172135-z_dbg_gen_00346_inp_hr,intermediate/tifxyz_original,522,342,115858,102,29,0.99975,REVIEW,OK,141.37,4.72,REVIEW,REVIEW,657.1,44.9,1
flagged,PHerc0500P2,20250611173014-z_dbg_gen_00506_inp_hr,20250611173014-on-20250526151718-2.215um.tifxyz,1203,945,438163,12578,8812,0.97864,SPARSE,SPARSE,42.22,5.0,REVIEW,REVIEW,215.9,97.6,1
flagged,PHerc0500P2,20250611173014-z_dbg_gen_00506_inp_hr,20250611173014-on-20250528085330-4.317um.tifxyz,618,485,117668,3429,2268,0.97901,SPARSE,SPARSE,43.15,4.99,REVIEW,REVIEW,176.2,94.2,1
flagged,PHerc0500P2,20250611173014-z_dbg_gen_00506_inp_hr,20250611173014-on-20250820143440-9.362um.tifxyz,286,225,24782,668,402,0.98047,SPARSE,SPARSE,21.62,4.99,REVIEW,REVIEW,92.9,39.8,1
flagged,PHerc0500P2,20250611173014-z_dbg_gen_00506_inp_hr,intermediate/tifxyz_normalized,618,485,117668,3429,2268,0.97901,SPARSE,SPARSE,43.15,4.99,REVIEW,REVIEW,176.2,94.2,1
flagged,PHerc0500P2,20250611173014-z_dbg_gen_00506_inp_hr,intermediate/tifxyz_original,588,276,104815,270,96,0.99908,REVIEW,OK,275.61,4.89,REVIEW,REVIEW,1008.0,43.8,1
flagged,PHerc0500P2,20250628074500-500P2_front,20250628074500-on-20250526151718-2.215um.tifxyz,1322,753,632101,0,0,1.0,OK,OK,1.62,1.62,REVIEW,REVIEW,23.4,23.4,1
flagged,PHerc0500P2,20250628074500-500P2_front,20250628074500-on-20250528085330-4.317um.tifxyz,679,386,167637,0,0,1.0,OK,OK,1.64,1.64,REVIEW,REVIEW,23.0,23.0,1
flagged,PHerc0500P2,20250628074500-500P2_front,20250628074500-on-20250820143440-9.362um.tifxyz,314,179,35672,0,0,1.0,OK,OK,1.25,1.25,REVIEW,REVIEW,13.1,13.1,1
flagged,PHerc0500P2,20250628074500-500P2_front,intermediate/tifxyz_normalized,679,386,167637,0,0,1.0,OK,OK,1.64,1.64,REVIEW,REVIEW,23.0,23.0,1
flagged,PHerc0500P2,20250628074500-500P2_front,intermediate/tifxyz_original,679,387,170549,50,29,0.99979,REVIEW,OK,16.59,4.89,REVIEW,REVIEW,23.1,23.1,1
flagged,PHerc0500P2,20250716055227-z_dbg_gen_00260_inp_hr,20250716055227-on-20250526151718-2.215um.tifxyz,559,372,112127,4002,2984,0.97181,REVIEW,WATCH,16.69,5.0,REVIEW,REVIEW,45.0,18.6,1
flagged,PHerc0500P2,20250716055227-z_dbg_gen_00260_inp_hr,20250716055227-on-20250528085330-4.317um.tifxyz,287,191,30263,1095,760,0.97376,REVIEW,OK,16.72,4.98,REVIEW,REVIEW,15.6,14.9,1
flagged,PHerc0500P2,20250716055227-z_dbg_gen_00260_inp_hr,20250716055227-on-20250820143440-9.362um.tifxyz,133,88,6302,217,142,0.97683,REVIEW,OK,16.71,4.92,SKIP,SKIP,,,1
flagged,PHerc0500P2,20250716055227-z_dbg_gen_00260_inp_hr,intermediate/tifxyz_normalized,287,191,30263,1095,760,0.97376,REVIEW,OK,16.72,4.98,REVIEW,REVIEW,15.6,14.9,1
flagged,PHerc0500P2,20250716055227-z_dbg_gen_00260_inp_hr,intermediate/tifxyz_original,276,198,27796,60,17,0.99939,REVIEW,OK,101.92,1.41,REVIEW,REVIEW,58.3,8.2,1
flagged,PHerc0500P2,20250716055228-z_dbg_gen_00333_inp_hr,20250716055228-on-20250528085330-4.317um.tifxyz,298,239,49662,697,494,0.98927,REVIEW,OK,12.19,4.99,REVIEW,REVIEW,19.1,22.6,1
flagged,PHerc0500P2,20250716055228-z_dbg_gen_00333_inp_hr,20250716055228-on-20250526151718-2.215um.tifxyz,580,466,185091,2362,1823,0.98929,REVIEW,OK,12.18,5.0,REVIEW,REVIEW,34.6,35.0,1
flagged,PHerc0500P2,20250716055228-z_dbg_gen_00333_inp_hr,20250716055228-on-20250820143440-9.362um.tifxyz,138,111,10462,108,73,0.99274,REVIEW,OK,12.06,4.93,SKIP,SKIP,,,1
flagged,PHerc0500P2,20250716055228-z_dbg_gen_00333_inp_hr,intermediate/tifxyz_normalized,298,239,49662,697,494,0.98927,REVIEW,OK,12.19,4.99,REVIEW,REVIEW,19.1,22.6,1
flagged,PHerc0500P2,20250716055228-z_dbg_gen_00333_inp_hr,intermediate/tifxyz_original,306,216,46319,255,120,0.99739,REVIEW,OK,63.94,4.78,REVIEW,REVIEW,66.8,17.1,1
flagged,PHerc0500P2,20250716055229-z_dbg_gen_00371_inp_hr,20250716055229-on-20250526151718-2.215um.tifxyz,1078,394,279385,2276,1594,0.99389,REVIEW,OK,13.0,5.0,REVIEW,REVIEW,50.4,50.9,1
flagged,PHerc0500P2,20250716055229-z_dbg_gen_00371_inp_hr,20250716055229-on-20250528085330-4.317um.tifxyz,554,202,74907,666,422,0.99391,REVIEW,OK,13.03,4.99,REVIEW,REVIEW,40.4,23.8,1
flagged,PHerc0500P2,20250716055229-z_dbg_gen_00371_inp_hr,20250716055229-on-20250820143440-9.362um.tifxyz,256,94,15797,100,64,0.99576,REVIEW,OK,12.95,4.98,SKIP,SKIP,,,1
flagged,PHerc0500P2,20250716055229-z_dbg_gen_00371_inp_hr,intermediate/tifxyz_normalized,554,202,74907,666,422,0.99391,REVIEW,OK,13.03,4.99,REVIEW,REVIEW,40.4,23.8,1
flagged,PHerc0500P2,20250716055229-z_dbg_gen_00371_inp_hr,intermediate/tifxyz_original,546,210,72071,96,27,0.99963,REVIEW,OK,83.09,1.82,REVIEW,REVIEW,153.6,27.1,1
flagged,PHerc0500P2,20250716055230-z_dbg_gen_00377_inp_hr,20250716055230-on-20250526151718-2.215um.tifxyz,1086,703,517330,13090,9612,0.98068,REVIEW,WATCH,24.21,5.0,REVIEW,REVIEW,461.2,104.6,1
flagged,PHerc0500P2,20250716055230-z_dbg_gen_00377_inp_hr,20250716055230-on-20250528085330-4.317um.tifxyz,558,361,138232,3538,2469,0.98131,REVIEW,WATCH,24.23,5.0,REVIEW,REVIEW,395.8,110.5,1
flagged,PHerc0500P2,20250716055230-z_dbg_gen_00377_inp_hr,20250716055230-on-20250820143440-9.362um.tifxyz,258,167,29172,732,451,0.98293,REVIEW,OK,24.22,4.99,REVIEW,REVIEW,61.2,22.3,1
flagged,PHerc0500P2,20250716055230-z_dbg_gen_00377_inp_hr,intermediate/tifxyz_normalized,558,361,138232,3538,2469,0.98131,REVIEW,WATCH,24.23,5.0,REVIEW,REVIEW,395.8,110.5,1
flagged,PHerc0500P2,20250716055230-z_dbg_gen_00377_inp_hr,intermediate/tifxyz_original,546,342,127935,220,67,0.99948,REVIEW,OK,293.48,4.72,REVIEW,REVIEW,695.4,36.2,1
flagged,PHerc0500P2,20250716055231-z_dbg_gen_00473_inp_hr,20250716055231-on-20250526151718-2.215um.tifxyz,1127,697,463736,6315,4482,0.9898,REVIEW,OK,20.39,5.0,REVIEW,REVIEW,57.1,38.4,1
flagged,PHerc0500P2,20250716055231-z_dbg_gen_00473_inp_hr,20250716055231-on-20250528085330-4.317um.tifxyz,579,358,123898,1714,1122,0.99026,REVIEW,OK,20.41,4.98,REVIEW,REVIEW,60.2,34.6,1
flagged,PHerc0500P2,20250716055231-z_dbg_gen_00473_inp_hr,20250716055231-on-20250820143440-9.362um.tifxyz,268,166,26219,340,203,0.99165,REVIEW,OK,20.4,4.92,REVIEW,REVIEW,71.6,25.9,1
flagged,PHerc0500P2,20250716055231-z_dbg_gen_00473_inp_hr,intermediate/tifxyz_normalized,579,358,123898,1714,1122,0.99026,REVIEW,OK,20.41,4.98,REVIEW,REVIEW,60.2,34.6,1
flagged,PHerc0500P2,20250716055231-z_dbg_gen_00473_inp_hr,intermediate/tifxyz_original,576,348,117767,141,39,0.99967,REVIEW,OK,176.71,4.94,REVIEW,REVIEW,381.8,34.7,1
flagged,PHerc0500P2,20250716055232-z_dbg_gen_00505_inp_hr,20250716055232-on-20250526151718-2.215um.tifxyz,1059,731,429957,5785,4367,0.98943,REVIEW,OK,13.01,5.0,REVIEW,REVIEW,113.9,51.3,1
flagged,PHerc0500P2,20250716055232-z_dbg_gen_00505_inp_hr,20250716055232-on-20250528085330-4.317um.tifxyz,544,375,114668,1631,1095,0.98944,REVIEW,OK,13.04,5.0,REVIEW,REVIEW,117.8,37.9,1
flagged,PHerc0500P2,20250716055232-z_dbg_gen_00505_inp_hr,20250716055232-on-20250820143440-9.362um.tifxyz,251,174,24250,287,170,0.99196,REVIEW,OK,11.81,4.96,REVIEW,REVIEW,25.5,13.5,1
flagged,PHerc0500P2,20250716055232-z_dbg_gen_00505_inp_hr,intermediate/tifxyz_normalized,544,375,114668,1631,1095,0.98944,REVIEW,OK,13.04,5.0,REVIEW,REVIEW,117.8,37.9,1
flagged,PHerc0500P2,20250716055232-z_dbg_gen_00505_inp_hr,intermediate/tifxyz_original,528,372,106576,129,38,0.99964,REVIEW,OK,65.38,4.85,REVIEW,REVIEW,519.1,28.0,1
flagged,PHerc0500P2,20250716055233-z_dbg_gen_00565_inp_hr,20250716055233-on-20250526151718-2.215um.tifxyz,936,773,434372,9981,7133,0.98299,REVIEW,WATCH,19.28,5.0,REVIEW,REVIEW,101.8,78.0,1
flagged,PHerc0500P2,20250716055233-z_dbg_gen_00565_inp_hr,20250716055233-on-20250528085330-4.317um.tifxyz,481,397,115971,2722,1815,0.98349,REVIEW,OK,19.29,4.99,REVIEW,REVIEW,100.9,57.2,1
flagged,PHerc0500P2,20250716055233-z_dbg_gen_00565_inp_hr,20250716055233-on-20250820143440-9.362um.tifxyz,222,184,24507,540,317,0.98596,REVIEW,OK,19.29,4.99,REVIEW,REVIEW,117.6,15.5,1
flagged,PHerc0500P2,20250716055233-z_dbg_gen_00565_inp_hr,intermediate/tifxyz_normalized,481,397,115971,2722,1815,0.98349,REVIEW,OK,19.29,4.99,REVIEW,REVIEW,100.9,57.2,1
flagged,PHerc0500P2,20250716055233-z_dbg_gen_00565_inp_hr,intermediate/tifxyz_original,450,378,106749,146,41,0.99962,REVIEW,OK,201.51,3.92,REVIEW,REVIEW,675.8,31.9,1
flagged,PHerc0500P2,20250716055234-z_dbg_gen_00709_inp_hr,20250716055234-on-20250526151718-2.215um.tifxyz,788,481,290058,7670,5603,0.97964,REVIEW,WATCH,19.89,5.0,REVIEW,REVIEW,68.9,37.6,1
flagged,PHerc0500P2,20250716055234-z_dbg_gen_00709_inp_hr,20250716055234-on-20250528085330-4.317um.tifxyz,405,247,77786,2108,1422,0.98052,REVIEW,WATCH,19.9,5.0,REVIEW,REVIEW,79.2,29.8,1
flagged,PHerc0500P2,20250716055234-z_dbg_gen_00709_inp_hr,20250716055234-on-20250820143440-9.362um.tifxyz,187,114,16329,398,241,0.98389,REVIEW,OK,19.9,5.0,SKIP,SKIP,,,1
flagged,PHerc0500P2,20250716055234-z_dbg_gen_00709_inp_hr,intermediate/tifxyz_normalized,405,247,77786,2108,1422,0.98052,REVIEW,WATCH,19.9,5.0,REVIEW,REVIEW,79.2,29.8,1
flagged,PHerc0500P2,20250716055234-z_dbg_gen_00709_inp_hr,intermediate/tifxyz_original,396,240,71321,108,32,0.99955,REVIEW,OK,170.05,4.49,REVIEW,REVIEW,341.2,25.1,1
flagged,PHerc0500P2,20250716055235-z_dbg_gen_00779_inp_hr,20250716055235-on-20250528085330-4.317um.tifxyz,609,633,146503,3276,2256,0.983,SPARSE,SPARSE,45.18,5.0,REVIEW,REVIEW,299.6,40.9,1
flagged,PHerc0500P2,20250716055235-z_dbg_gen_00779_inp_hr,20250716055235-on-20250820143440-9.362um.tifxyz,282,293,30935,609,361,0.98574,SPARSE,SPARSE,21.97,4.99,REVIEW,REVIEW,56.4,19.1,1
flagged,PHerc0500P2,20250716055235-z_dbg_gen_00779_inp_hr,20250716055235-on-20250526151718-2.215um.tifxyz,1185,1234,547444,11890,8879,0.98249,SPARSE,SPARSE,45.14,5.0,REVIEW,REVIEW,300.3,68.2,1
flagged,PHerc0500P2,20250716055235-z_dbg_gen_00779_inp_hr,intermediate/tifxyz_normalized,609,633,146503,3276,2256,0.983,SPARSE,SPARSE,45.18,5.0,REVIEW,REVIEW,299.6,40.9,1
flagged,PHerc0500P2,20250716055235-z_dbg_gen_00779_inp_hr,intermediate/tifxyz_original,588,366,133985,168,50,0.99963,REVIEW,OK,242.54,1.78,REVIEW,REVIEW,877.8,38.6,1
flagged,PHerc0500P2,20250716055236-z_dbg_gen_00356_inp_hr,20250716055236-on-20250528085330-4.317um.tifxyz,583,339,113448,2721,1908,0.98204,REVIEW,OK,21.78,4.97,REVIEW,REVIEW,225.2,76.3,1
flagged,PHerc0500P2,20250716055236-z_dbg_gen_00356_inp_hr,20250716055236-on-20250526151718-2.215um.tifxyz,1135,660,424191,9943,7442,0.98161,REVIEW,OK,21.76,5.0,REVIEW,REVIEW,216.5,93.0,1
flagged,PHerc0500P2,20250716055236-z_dbg_gen_00356_inp_hr,20250716055236-on-20250820143440-9.362um.tifxyz,269,157,23924,541,348,0.98437,REVIEW,OK,21.76,4.97,REVIEW,REVIEW,207.1,20.1,1
flagged,PHerc0500P2,20250716055236-z_dbg_gen_00356_inp_hr,intermediate/tifxyz_normalized,583,339,113448,2721,1908,0.98204,REVIEW,OK,21.78,4.97,REVIEW,REVIEW,225.2,76.3,1
flagged,PHerc0500P2,20250716055236-z_dbg_gen_00356_inp_hr,intermediate/tifxyz_original,576,336,105111,199,61,0.99942,REVIEW,OK,284.05,4.78,REVIEW,REVIEW,938.5,37.1,1
control,PHerc0500P2,20250825181917--2,20250825181917-on-20250528085330-4.317um.tifxyz,598,350,130308,0,0,1.0,OK,OK,1.09,1.09,REVIEW,REVIEW,40.7,40.7,1
control,PHerc0500P2,20250825181917--2,20250825181917-on-20250526151718-2.215um.tifxyz,1164,682,494115,0,0,1.0,OK,OK,1.1,1.1,REVIEW,REVIEW,43.0,43.0,1
control,PHerc0500P2,20250825181917--2,20250825181917-on-20250820143440-9.362um.tifxyz,276,162,27877,0,0,1.0,OK,OK,1.07,1.07,REVIEW,REVIEW,22.2,22.2,1
control,PHerc0500P2,20250825181917--2,intermediate/tifxyz_normalized,299,175,33071,0,0,1.0,OK,OK,1.1,1.1,REVIEW,REVIEW,22.7,22.7,1
control,PHerc0500P2,20250825181917--2,intermediate/tifxyz_original,299,176,33705,0,0,1.0,OK,OK,1.26,1.26,REVIEW,REVIEW,21.3,21.3,1
control,PHerc0500P2,20250825181922-1,20250825181922-on-20250526151718-2.215um.tifxyz,1242,713,587006,0,0,1.0,OK,OK,1.44,1.44,REVIEW,REVIEW,31.4,31.4,1
control,PHerc0500P2,20250825181922-1,20250825181922-on-20250528085330-4.317um.tifxyz,638,366,154776,0,0,1.0,OK,OK,1.36,1.36,REVIEW,REVIEW,31.0,31.0,1
control,PHerc0500P2,20250825181922-1,20250825181922-on-20250820143440-9.362um.tifxyz,295,169,33082,0,0,1.0,OK,OK,1.32,1.32,REVIEW,REVIEW,18.5,18.5,1
control,PHerc0500P2,20250825181922-1,intermediate/tifxyz_normalized,319,183,39223,0,0,1.0,OK,OK,1.47,1.47,REVIEW,REVIEW,21.0,21.0,1
control,PHerc0500P2,20250919184429-0500P2-wrap02_0919,20250919184429-on-20250526151718-2.215um.tifxyz,86,117,5715,0,0,1.0,OK,OK,1.06,1.06,WATCH,WATCH,5.3,5.3,1
control,PHerc0500P2,20250825181922-1,intermediate/tifxyz_original,318,185,39867,0,0,1.0,OK,OK,1.66,1.66,REVIEW,REVIEW,20.0,20.0,1
control,PHerc0500P2,20250919184429-0500P2-wrap02_0919,20250919184429-on-20250528085330-4.317um.tifxyz,44,60,1618,0,0,1.0,OK,OK,1.07,1.07,SKIP,SKIP,,,1
control,PHerc0500P2,20250919184429-0500P2-wrap02_0919,20250919184429-on-20250820143440-9.362um.tifxyz,20,28,315,0,0,1.0,OK,OK,1.04,1.04,SKIP,SKIP,,,1
control,PHerc0500P2,20250919184429-0500P2-wrap02_0919,intermediate/tifxyz_normalized,44,60,1618,0,0,1.0,OK,OK,1.07,1.07,SKIP,SKIP,,,1
control,PHerc0500P2,20250919184429-0500P2-wrap02_0919,intermediate/tifxyz_original,45,62,1772,0,0,1.0,OK,OK,1.47,1.47,SKIP,SKIP,,,1
control,PHerc0500P2,20250919184429-0500P2-wrap02_0919,20250919184429-on-20250821110041-0.55um.tifxyz,347,471,93721,0,0,1.0,OK,OK,1.07,1.07,REVIEW,REVIEW,17.0,17.0,1
control,PHerc0500P2,20250919184431-0500P2-wrap04_0919,20250919184431-on-20250528085330-4.317um.tifxyz,141,103,11251,0,0,1.0,OK,OK,1.15,1.15,SKIP,SKIP,,,1
control,PHerc0500P2,20250919184431-0500P2-wrap04_0919,20250919184431-on-20250526151718-2.215um.tifxyz,274,201,41621,0,0,1.0,OK,OK,1.12,1.12,REVIEW,REVIEW,16.3,16.3,1
control,PHerc0500P2,20250919184431-0500P2-wrap04_0919,20250919184431-on-20250820143440-9.362um.tifxyz,65,48,2348,0,0,1.0,OK,OK,1.09,1.09,SKIP,SKIP,,,1
control,PHerc0500P2,20250919184431-0500P2-wrap04_0919,intermediate/tifxyz_normalized,141,103,11251,0,0,1.0,OK,OK,1.15,1.15,SKIP,SKIP,,,1
control,PHerc0500P2,20250919184431-0500P2-wrap04_0919,intermediate/tifxyz_original,144,106,11699,0,0,1.0,OK,OK,1.59,1.59,SKIP,SKIP,,,1
control,PHerc0500P2,20250919184435-0500P2-wrap08_0919,20250919184435-on-20250528085330-4.317um.tifxyz,105,100,8315,0,0,1.0,OK,OK,1.13,1.13,REVIEW,REVIEW,11.8,11.8,1
control,PHerc0500P2,20250919184435-0500P2-wrap08_0919,20250919184435-on-20250526151718-2.215um.tifxyz,204,195,30606,0,0,1.0,OK,OK,1.11,1.11,REVIEW,REVIEW,11.4,11.4,1
control,PHerc0500P2,20250919184435-0500P2-wrap08_0919,20250919184435-on-20250820143440-9.362um.tifxyz,48,46,1707,0,0,1.0,OK,OK,1.09,1.09,SKIP,SKIP,,,1
control,PHerc0500P2,20250919184435-0500P2-wrap08_0919,intermediate/tifxyz_normalized,105,100,8315,0,0,1.0,OK,OK,1.13,1.13,REVIEW,REVIEW,11.8,11.8,1
control,PHerc0500P2,20250919184435-0500P2-wrap08_0919,intermediate/tifxyz_original,110,101,8757,0,0,1.0,OK,OK,1.43,1.43,REVIEW,REVIEW,12.0,12.0,1
control,PHerc0500P2,20250919184436-0500P2-wrap09_0919,20250919184436-on-20250526151718-2.215um.tifxyz,218,135,23924,0,0,1.0,OK,OK,1.09,1.09,REVIEW,REVIEW,8.7,8.7,1
control,PHerc0500P2,20250919184436-0500P2-wrap09_0919,20250919184436-on-20250528085330-4.317um.tifxyz,112,69,6503,0,0,1.0,OK,OK,1.09,1.09,SKIP,SKIP,,,1
control,PHerc0500P2,20250919184436-0500P2-wrap09_0919,20250919184436-on-20250820143440-9.362um.tifxyz,52,32,1345,0,0,1.0,OK,OK,1.05,1.05,SKIP,SKIP,,,1
control,PHerc0500P2,20250919184436-0500P2-wrap09_0919,intermediate/tifxyz_normalized,112,69,6503,0,0,1.0,OK,OK,1.09,1.09,SKIP,SKIP,,,1
control,PHerc0500P2,20250919184436-0500P2-wrap09_0919,intermediate/tifxyz_original,115,73,6871,0,0,1.0,OK,OK,1.32,1.32,SKIP,SKIP,,,1
control,PHerc0500P2,20250922024644-0500P2-wrap11_0919,20250922024644-on-20250526151718-2.215um.tifxyz,150,218,18676,0,0,1.0,OK,OK,1.51,1.51,REVIEW,REVIEW,7.2,7.2,1
control,PHerc0500P2,20250922024644-0500P2-wrap11_0919,20250922024644-on-20250528085330-4.317um.tifxyz,77,112,5138,0,0,1.0,OK,OK,1.55,1.55,WATCH,WATCH,5.2,5.2,1
control,PHerc0500P2,20250922024644-0500P2-wrap11_0919,20250922024644-on-20250820143440-9.362um.tifxyz,36,52,1075,0,0,1.0,OK,OK,1.21,1.21,SKIP,SKIP,,,1
control,PHerc0500P2,20250922024644-0500P2-wrap11_0919,intermediate/tifxyz_normalized,77,112,5138,0,0,1.0,OK,OK,1.55,1.55,WATCH,WATCH,5.2,5.2,1
control,PHerc0500P2,20250922024644-0500P2-wrap11_0919,intermediate/tifxyz_original,82,112,5352,0,0,1.0,OK,OK,2.32,2.32,REVIEW,REVIEW,6.3,6.3,1
